idx,branch_name,merge,left,right,notes,left_tree_fingerprint,left parent test result,left parent test coverage,right_tree_fingerprint,right parent test result,right parent test coverage,parents pass,diff contains java file,test merge,sampled for testing
1,refs/heads/master,1783f12b0253af9d99056bb5b8f1b45dd075d6d8,6e5b6b9840ee5027ef50f712c22518b42e449d73,3e8984e86362f309bad61f96d638e6f386a504e1,,5d34cc51d07130d989686c3e433f4036bee13751dc58b18ee31ed1592d41f376,Tests_passed,0.4666666666666667,3c37cab5b264a3adc2e995e038404b9e0cec04fed9907bf0c9607b63ac408b48,Tests_passed,0.4503105590062112,True,True,True,True
3,refs/heads/master,5c6180d776e85b57cff44213b330d7a8ccd065b1,c9a2b9c5e611b0e5824afb0fc5131c31efd6b2cc,515da06673e8a62962f63c91b979c3f27a9ada21,,cc9f130736822b906619f880ab1cbb7eb8c37e4f0cc08972de4631cc8190b313,Tests_passed,0.29041769041769044,92301980c3e65f1d2721af35739d91cfcf73892adf08d821e9b92df9ea5e5c32,Tests_passed,0.4036697247706422,True,True,True,True
8,refs/heads/master,f226d95c3952eb8dab90852a58f90af8861539f3,f2275f1bdba64f6996845a8e1e79c9fda93e9015,a20d29932eb7ccb57fe22ef5ae8eae2d4fe030bc,,8994e597c67ec16424026a169c13cecd05cf63881c7d3660e439913aeca22fa5,Tests_failed,0.0,6b80a20e01282cc5c207f2fe13b6d2557e8fe72085c1a5f492ec898019f0e743,Tests_failed,0.0,False,True,False,False
11,refs/remotes/origin/1.0.x,88ca7883ef83ae6c8842f99cb7ea39fcf64ecbc3,f474a316d6b15871c2b76729f43c802b6c2f5669,b737f66f27ca4b83b77389ceab3241b930f342fc,,,,,,,,,False,False,False
13,refs/remotes/origin/1.0.x,571a319260c849fb57c118a7a60e5005e115ef22,728ffa92e92fbbf665c8343aa2573bc5da3e1ded,3cffa6f7f723ac6ab548dff107aeff78e5cc54c8,,ad7b1e901f539fb1c47a1e78f0c04224e32f37e10c3cbc39b6298f076632fcf3,Tests_passed,0.0,4a03faf6407d02a7261230c8cc67713145a8a10b2e933ea4ebf8ba39219bcb76,Tests_passed,0.0,True,True,True,True
14,refs/remotes/origin/1.0.x,728ffa92e92fbbf665c8343aa2573bc5da3e1ded,1de1cb1975407620be079047927530bbdbbff0c4,96ac00e9a35fa89999b878e886e26c5dca31b82b,,,,,,,,,False,False,False
15,refs/remotes/origin/log4jupdate,ba6f1b41ea50755e93f8f8ef1db8042fcb52e07a,30853d8675e16d31e5050640b870a04c791a6bb0,a3003a34cc11440c33b2bdf14cd27f37aef09089,,,,,,,,,False,False,False
