idx,branch_name,merge,left,right,notes,left_tree_fingerprint,left parent test result,left parent test coverage,right_tree_fingerprint,right parent test result,right parent test coverage,parents pass,diff contains java file,test merge,sampled for testing
2,refs/heads/master,123681cc5b4e3bec58f059e8b0c02a8e7b664788,f6cf30a65a9a8709544aa8cab2428465bc035010,1561dacd9be2cf61950cd2bed7e35bcd8a1ce24b,,aa7ac154f6f44445117e3a4692d284b0f117458c161bb9448fe8a46629a816f4,Tests_passed,0.7386004514672686,c52282d79a9da4533b195bb8b3fc4029b6fc7ae1c12816db9ad12a4964ee451a,Tests_passed,0.7397397397397397,True,True,True,True
3,refs/heads/master,f6cf30a65a9a8709544aa8cab2428465bc035010,a4f61220e83d50f2cd3226b276021745eae2caa4,d73a3bf220a04cc6368203c23fe121423f02ccf7,,34e26957da81d1f755000f01bd589b2da55846a2dec30b7354833446026607fd,Tests_passed,0.7397397397397397,06b7257e5e90262ea6dad65c115999913bf47395ad592766ed65ce463937dc1f,Tests_passed,0.7386004514672686,True,True,True,True
4,refs/heads/master,e97dadb7dcd7b929d5878f788ceb4a66262d4a32,d81c036dc038f920135b650a9edabb33acaec859,710e64bce256afad6832b4029ab633eda947ee14,,,,,,,,,False,False,False
5,refs/heads/master,f1b45352cf9c8510a94fd97c943d4fe526cc94ad,98fb6a09755102f18ced62474bc1d08093fe06af,dc0f7cdf4f2186ff65e8ac4fb1edd7b2930d6171,,8d2a1271a18045a380a928f3f87fa85f72215fafeaa6cd022459005e346aa220,Tests_passed,0.7033374536464772,618dc5d39d5479d4d406718de1ceb91417fc3d2ea9052ad15711cc34fc74e090,Tests_passed,0.6732172936552498,True,True,True,True
6,refs/heads/master,b3e5b7eba11e3facb06f3e8bac46dd938c0f50ca,2f827501a2c165281b4c2ac32047c9c103dfcf1f,0b3f915c21be244fcf6ed99d9bcedf6247be9d29,two initial commits,ca146c47c2e5bcad3dba1868b0a075a12ebce40905844e31fb35946ab86384ad,Tests_failed,0.0,d9f4f02614b65d0659bad777a133604164bc7a74fb3b244ae4369bea87a32b9b,Tests_failed,0.0,False,True,False,False
