idx,branch_name,merge,left,right,notes,sampled for testing,left_tree_fingerprint,right_tree_fingerprint,diff_size,diff_contains_java_file,left parent test result,left parent test coverage,right parent test result,right parent test coverage,parents pass,test merge
3,refs/heads/master,b3cd1343552fbf96f9982281b214223c0cedf164,e2e966882b69a6b825fd08347ecdf176b8aaed26,6ec1519c56fcbc88d394d2c76a3d89ed38181429,,True,68176eacc56a95b00e0f1ae28a3ba2dfb6851edbe4ecc252a6ccda609a505389,e105aa28c2adaf2aef7a9f734f62667178d22682be315a8d6a3fb1e4c235f7c6,21,True,Tests_passed,0.3215727575917149,Tests_passed,0.3275522975147505,True,True
6,refs/heads/master,4b237c1843fe79137b330978ed4ce7c9774b8adb,4e657b8539aef5ceb7a6a2b9f12c4a0c7d3273ee,3de5729d268006ebeb59bf26e2bdfeb278355771,,False,,,9,False,,,,,,False
8,refs/heads/master,893da65610f057523ea2db48cce0e0c4ce119ec7,c827b14b36b742a07abcd49c38fa200090f630ae,b4339844f265ed6cf342cd50e8c615c08dd9b1e5,,False,,,3,False,,,,,,False
10,refs/heads/master,a1d3930286b877205975d57ecd16dd0495df4b77,07992adcae1bc7d52253a5ad30a743f7b2d59aaa,688902d834537722db61b9b92afcd385d656e63e,,True,be47d74c792ca2f24919771f773105e094f6cfb59bb61fa8f10f2db5b15b1862,25bb97d539a50a7b55a7a48800d164dda7644f1e9efa592134cdf047090b3f80,106,True,Tests_passed,0.3731403297145155,Tests_passed,0.4316965324645101,True,True
13,refs/heads/master,23988f76c33172c4d1ad5f2835162ab85f1168ed,245cfd7bb6b9b30fe041a8cdee155e602a059ef1,8e4d151e8ce830ca19b0585b4ee3ce9bc4020dec,,True,46b5d31bfebbf32e47be09aad90f5d517a755576e742c7ea4e10b8ed8564bd6e,098aea57c7499af825f456d060ca9cd5dd312c1636fe11093b0e8605eeb35288,57,True,Tests_passed,0.4015151515151515,Tests_passed,0.3799599198396793,True,True
17,refs/heads/master,1ff5713340f3500bcc1d6a761a8e407e8bf01586,0d5e71c83b35b6be4bc11e4e6fd87bea8d24d504,e45fb14e7e230470cbc5cb1f78b6265037755e5b,,False,,,38,False,,,,,,False
19,refs/heads/master,497ce43b68b9e2de980db9184d4e03e2500dc3a1,7ec7269911efd6019f648f7ad8d9a283f12689a7,b1aa1823def88b99f2874885f3079a1607b1c272,,False,2953f245f4ffd3cb1c2ae183a48a7905cf01ac7df08842cc8fa32c154b0a18cb,b60d32ed40c1d819eb3b18d311982974732b551753043008d5f4f6669038f346,2,True,Tests_failed,0.0,Tests_failed,0.0,False,False
