idx,branch_name,merge,left,right,notes,left_tree_fingerprint,left parent test result,left parent test coverage,right_tree_fingerprint,right parent test result,right parent test coverage,parents pass,diff contains java file,test merge,sampled for testing
3,refs/heads/master,421565fc84b102812037e63db5590de0bc5db90c,0a9a91da8c5e9d2492e137b6620906622ce44a94,046c9f52c28863d7f12459e4b900451ab65019c9,,d04b97131424cd03414eac72878492b9ca706e40add4e81734daf1e97cf634e8,Tests_passed,0.7705382436260623,e5684bac39a7bd3e6392329881956c0088656796886ca1aff79c4f5055f6a4f4,Tests_passed,0.785140562248996,True,True,True,True
5,refs/heads/master,d7b14fd15a2756462481eb2da46646c272f82a66,cf63ae1b350abfc5760979c71b06202cca028e79,48e3cdb29bd140fef4dd2ef242cda7a41988ba9d,,,,,,,,,False,False,False
13,refs/heads/master,37bdcc8dbc8df5a5a5a87b6fa08fc1ab08ac85ba,625f21765df9ae3571889d893e0e3c4ef8672b16,5806710f6ed55c62290391dd30ec66ad882ee113,,29e961387dc628f291bdd821f0133257ee746a52cde9459c6d4a4bb11fc6371b,Tests_passed,0.811704834605598,925a0fe884f037debe54f22e071f394ddcefc0f4537a2a9ce7888a4eafe5c53e,Tests_passed,0.8137755102040817,True,True,True,True
15,refs/heads/master,79838d16f9d263ab4bb43dc76d4a83507bff67c0,a33975d3c3f2ec4f1fbc27116a2ce47966e5e1d0,aa607965b3aba052c864a919297cf1cd3069df1f,,6ac54e7145dee2340a753cb631259e940e02cd317745f4964f335828104e8a50,Tests_passed,0.8137755102040817,be89e543d95adb73275acdb400770bccd54735005a56fbf5b0cfd632b728462f,Tests_passed,0.8156565656565656,True,True,True,True
18,refs/heads/master,46f114171a58070f8774240525e2ff8033799afe,93478b2a1b52f42a70b2cd99f30a6aee3ab190ed,9431071c33759b03acc1ba3f7b5434a8cfc0a95c,,79bf6f248cf87f22f932ac9840da2e436b5c10d4e9d20c6de955153556d1e24c,Tests_passed,0.8147208121827412,ac50d2ed9a61db91ae7cefd0c901733f8840d22f53b374019e3e7624103e58b3,Tests_passed,0.8156565656565656,True,True,True,True
20,refs/heads/master,fff0eaad3ce10ddb7add94103590045f9a25c597,48dc61252aa010e16ac8c8fd2b9283235668b4d7,a49cc68a4b950326adc6a8c392b07995257733af,,,,,,,,,False,False,False
