idx,branch_name,merge,left,right,notes,left_tree_fingerprint,left parent test result,left parent test coverage,right_tree_fingerprint,right parent test result,right parent test coverage,parents pass,diff contains java file,test merge,sampled for testing
1,refs/heads/master,dff643e036a725754c0d0d58ed546cc01c79d9c4,7a7dd72b77f0128dde8c306f9daddda3fd52720d,d1d07b3d04773763c6a3f334b7068938a8905ef9,,4dd5a17ea039028283d51cd969fc433969af92f6d7174f663286936671d10e65,Tests_failed,0.0,a96be6d8a7591b0266f0f1f2aa0a0a2ed38660cbdc8cdb3ff4af2ec06b427c5f,Tests_failed,0.0,False,True,False,False
10,refs/heads/master,aa289156c694d3a1a3dfe4da2842a32139ba1bfa,b4d264f60a6af4c04656453144195ec809bf7099,77581e045fb71856d932cc8481de991e08c81117,,5bc2095654a708f995ddb342048ab42e2dc091dc6c56b4d89fa76d508bdf802c,Tests_failed,0.0,5cdb2ec704233a9269ff4743c1d57d21d2684207fb4470d6c524916d30c7520e,Tests_failed,0.0,False,True,False,False
26,refs/heads/master,c3bb4f7b7d4ea7a05dfd34ea893a3e2585dd0d57,54515535175ada120aab6b101de8ad627762cbed,20163d547be6c848a0211a2d9497256b194ef810,,bb54cc04cdc43bd7362d74c61c1bd66a19c19e49be74e8e1228c926b30c16658,Tests_passed,0.0,b6bd920c56acfce4e9908692c5087ff7d8b03a7300359e6f32b0dd0ddcfb8e10,Tests_passed,0.0,True,True,True,True
32,refs/heads/master,d85b9a41f1f01c91ee7c6b4e87f51039083ab24f,254c995118ab4afe54d05428a820dfab06d114d3,af3482aabf3b86147846c04ccee5cb0f3a0aa981,,4bc1f33e1398401b8b4ba9c460b1e92bf05969086444b5959872e1f8191410c9,Tests_failed,0.0,1cee5411d6f276ae84161d80c8bea0a00aadffa02a60266f7a75dd249e34c758,Tests_passed,0.5012987012987012,False,True,False,False
33,refs/remotes/origin/pull/51,bb3ce9508f90970cb1ccec116ef6be492dc2f0d2,f0088c506d8725385e221dfa834aa9332b8f7dbc,a4cc25c0a478e38e751be0af5e94823710e84cc3,,cbf8a5a497f63dabbd295c8358ca2d4b26bd04a6e6e3b173785e851ef28cdd82,Tests_passed,0.054613935969868174,65ff6374a79709ed368aedb5478fff501d6816a1cbd611d0c0ea4bbff80e02c4,Tests_passed,0.05523809523809524,True,True,True,True
34,refs/remotes/origin/pull/63,287c31d96ebc3a9c38a6ed460d27371aec958834,f551c39ae2c69b391c400574e7881d16a455c6e2,8ebc13b16ef4fa7ddee65db29d2d4e4b5ec42fbb,,,,,,,,,False,False,False
35,refs/remotes/origin/pull/68,1c7eb2acf1643212c399c9485bd30e3fdd5d88a8,3adfb5dce2e27bf2b7f1946ec097a7af5e324c71,92702c61d9db078febf717bbeea5e237a4bf9d2f,,6198764f3533235188bb2e6581b643063bf9eb96f6185322429a185816903c5c,Tests_failed,0.0,b1221a13d7bdfd0ebeab7f885fdf6b845ffb9490af9ab9d4cc6a16daf6b24fda,Tests_failed,0.0,False,True,False,False
