idx,branch_name,merge,left,right,notes,left_tree_fingerprint,left parent test result,left parent test coverage,right_tree_fingerprint,right parent test result,right parent test coverage,parents pass,diff contains java file,test merge,sampled for testing
1,refs/heads/master,4291bbd98f8d30d9c9df931de88a54163764af15,8f90b419fa41ac2c4d00f280faaa163fb2316269,5d71673e219de860eef417580d6f93dbe7219ef0,,0ed4fbb524c7a334573205ea7b3066f81cc588f11619052bca4aa1579120091e,Tests_passed,0.9293563579277865,31995b7b6d111cd611f080a7993277384279037be6c34b011d1e4f6e24199f7b,Tests_passed,0.928,True,True,True,True
2,refs/heads/master,c7090475669684acb6860ed989745b2cc7933bb5,f55ba21fbcc128dba16268db2a2baa76f8e00264,7d831f42f4c3f1073f2a307cb392fd5d781435e7,,,,,,,,,False,False,False
4,refs/heads/master,4e6eba500d6b85ec03009def465b79a10d7514de,0276d94a4c502fb8d3445bafef7456c89cb4db3d,a7378fb591149e68609f0c77569b7126c3ce8016,,5e031da7cddafac8031132fa425ac3fa78df2b811adf0d18922796aae014ea06,Tests_passed,0.9433962264150944,47a8a0f017574204224f9559d384539b889ce148245539a5ba0dbd632b4f7fe1,Tests_passed,0.9433962264150944,True,True,True,True
