idx,branch_name,merge,left,right,notes,diff_contains_java_file,diff_size,left parent test coverage,left parent test result,left_tree_fingerprint,parents pass,right parent test coverage,right parent test result,right_tree_fingerprint,test merge,sampled for testing
2,refs/heads/develop,22e32f6d434ec4e269a336bf2eb289abb8d78bcd,f6ef1a20ea0765e5be95c209a0d0e3fe2fee9ecf,0c2c083d54540cc73dc7ca02efa655b6308e68be,,False,64,0.0917678812415654,Tests_passed,e2ffeb5e01263435d506321f74a9bbc6ed8ab7723e3f199fbb2873114208f9ce,True,0.0449943757030371,Tests_passed,b4b447468079927b33ad5c29c149af4f938ff15ddb84e6e0853cdc97b11fd0a7,False,False
4,refs/heads/develop,11f7c8b5da779cffaa97e8174e58673937a86029,246f78a490656d6f7b4850ac04ed6f9d06d4dce3,b0113d219e7fc90e75eb2c225cbaf65d8b0fdf76,,False,20,0.0917678812415654,Tests_passed,dd270de242fdd4f0cb08f88409179c28dec265652e055f47969112f1f1ac47b7,True,0.0917678812415654,Tests_passed,8bfbedd5e098fed48487460ccce088010b76e36f8bf8826df415aef509555a6e,False,False
5,refs/heads/develop,24f24db2b279d469c433dd1df066c9bd65da3f9a,a5e8b10fbb24016f6eede3b672f5fb1fddd0d905,5d0523b47d7d3a1238859fb9b8fb46c03fbebc81,,False,5,0.0917678812415654,Tests_passed,7cf555ab30275ef53b57c7e596aed5de240bb3c6296e51d0ce4d17edb8b1a3e4,True,0.0917678812415654,Tests_passed,d98eea2edd7228855b64beadd5c0ce91f8f508dcf63d8e563d349961d0dc6a9f,False,False
7,refs/heads/develop,7515285659814491ba02a9541bdaab8e6430a155,268ae6fde5d60643e557422c59ac1c4197701db3,972733ea1bd8bb8534e86233c94363b2e6afffa0,,False,93,0.0,Tests_failed,0730f0982e601764f07d06e770bf853649c759adfff027321b3cad79dcdcbce1,False,0.0,Tests_failed,df8e1633b08f1069a055080988abf9c084168137c994ba8a3359e2302fec0cef,False,False
8,refs/heads/develop,2be7d80a31d34d7921b7f24abc01bd41029c785c,e203d0a2524cf2dc16541f590f5b3f4e28ea927d,e4143070574c2746eead1c48ec45fa759aa42f38,,False,28,0.0,Tests_failed,f0093f924da28649153de6aa489a3d6cdff83a79ba01bbfd11b8aa3fbfc4b6e3,False,0.0,Tests_failed,c0890b99d6f54a129743ff1f397b0f99369079c1a993b70578066905ab24f8e1,False,False
9,refs/heads/develop,34ac8374731688ddec0152006163e0bb5f5fe124,68fe8de2030a932bb48fbb4d5b7279afa04b8372,de73b505eede50cf1758aa6592330b7d1a2ef6c0,,False,22,0.0,Tests_failed,ed986cc7ee4f042ab8e7485030bc6b6bc49f30ade79f5b31760c386fb0e9de8b,False,0.0,Tests_failed,88cfb54f7079c160f6d8fbc86547ce100636d8962b2ba38d8bb8ccb3be324f09,False,False
