idx,branch_name,merge,left,right,notes,left_tree_fingerprint,left parent test result,left parent test coverage,right_tree_fingerprint,right parent test result,right parent test coverage,parents pass,diff contains java file,test merge,sampled for testing
2,refs/heads/develop,22e32f6d434ec4e269a336bf2eb289abb8d78bcd,f6ef1a20ea0765e5be95c209a0d0e3fe2fee9ecf,0c2c083d54540cc73dc7ca02efa655b6308e68be,,e2ffeb5e01263435d506321f74a9bbc6ed8ab7723e3f199fbb2873114208f9ce,Tests_passed,0.09176788124156546,b4b447468079927b33ad5c29c149af4f938ff15ddb84e6e0853cdc97b11fd0a7,Tests_passed,0.04499437570303712,True,True,True,True
4,refs/heads/develop,11f7c8b5da779cffaa97e8174e58673937a86029,246f78a490656d6f7b4850ac04ed6f9d06d4dce3,b0113d219e7fc90e75eb2c225cbaf65d8b0fdf76,,dd270de242fdd4f0cb08f88409179c28dec265652e055f47969112f1f1ac47b7,Tests_passed,0.09176788124156546,8bfbedd5e098fed48487460ccce088010b76e36f8bf8826df415aef509555a6e,Tests_passed,0.09176788124156546,True,True,True,True
5,refs/heads/develop,24f24db2b279d469c433dd1df066c9bd65da3f9a,a5e8b10fbb24016f6eede3b672f5fb1fddd0d905,5d0523b47d7d3a1238859fb9b8fb46c03fbebc81,,,,,,,,,False,False,False
7,refs/heads/develop,7515285659814491ba02a9541bdaab8e6430a155,268ae6fde5d60643e557422c59ac1c4197701db3,972733ea1bd8bb8534e86233c94363b2e6afffa0,,,,,,,,,False,False,False
8,refs/heads/develop,2be7d80a31d34d7921b7f24abc01bd41029c785c,e203d0a2524cf2dc16541f590f5b3f4e28ea927d,e4143070574c2746eead1c48ec45fa759aa42f38,,f0093f924da28649153de6aa489a3d6cdff83a79ba01bbfd11b8aa3fbfc4b6e3,Tests_failed,0.0,c0890b99d6f54a129743ff1f397b0f99369079c1a993b70578066905ab24f8e1,Tests_failed,0.0,False,True,False,False
9,refs/heads/develop,34ac8374731688ddec0152006163e0bb5f5fe124,68fe8de2030a932bb48fbb4d5b7279afa04b8372,de73b505eede50cf1758aa6592330b7d1a2ef6c0,,ed986cc7ee4f042ab8e7485030bc6b6bc49f30ade79f5b31760c386fb0e9de8b,Tests_failed,0.0,88cfb54f7079c160f6d8fbc86547ce100636d8962b2ba38d8bb8ccb3be324f09,Tests_failed,0.0,False,True,False,False
