idx,branch_name,merge,left,right,notes,test merge,diff contains java file,left_tree_fingerprint,left parent test result,left parent test coverage,right_tree_fingerprint,right parent test result,right parent test coverage,parents pass,sampled for testing
4,refs/heads/master,b747436cd082d498728d59e3df33f0bf42c7c132,dfc1626d1b122e73429c4cb80cda8068f89914d8,f5922d88e2a78905740d8f8425963929d79149a4,,True,True,5544a1e0af47eb2adb1557d8642555b73379304d77459c1a34362288ab09c265,Tests_passed,0.6660287081339713,4dd44f14cd8cdd85e48c6e55540fd8f67aa8149cc1edb23997758897f8ba92a6,Tests_passed,0.720679012345679,True,True
5,refs/heads/master,b4f1cbb80dd0a9af82f75a7dc7865d26496d5758,a08ca4c65ac180571e23404e5495ef32515027db,b7fbfba9ba64996a71ec11647f359e18b2cd504f,,True,True,d2a4fbd7bc29930a16def0dd905171f7fa0bca6b81ce6533561ebd8c7b4148a4,Tests_passed,0.6660287081339713,731d36184a5435c9b0452cfc25702e709d00bf0f9c49486c2bed0bfedc7ea804,Tests_passed,0.6660287081339713,True,True
7,refs/heads/master,2ef464beea1d9052fefbbe4d0ab6047ab5a19519,a934afc9f9fb0998272d4d5d320817b825342c74,052c9a8ec0df2a74f158e907d17d18ea41b6c5d9,,False,False,,,,,,,,False
8,refs/heads/master,98c064f9767cda7e4f0bfd257757de55ebd3fef5,748fe63e383897edd4211397ec939e7d80904806,b9bfe8b26a34073bbd4a98b717af81322514b9b0,,True,True,12bc37e37376879288bb01328021e0b5ba887195306da5733458933ac34d1ae9,Tests_passed,0.6621490803484995,affd5143b1fb9fc4c46f5ccd3b922da33c19490c91af19a46375b7e2f66d3b75,Tests_passed,0.6660287081339713,True,True
10,refs/heads/master,633422a3fbedfb5202a8661d96090d56eb713a56,638ad565533af8eb71888feaeaf61c0b707fc65d,58bc8eb75af0944c7941215bdb8fc6b19c803370,,False,True,18a929cfdf6ff447e6757550186c021a5c02650f0bc0be8082ee3612d2eb442c,Tests_failed,0.0,f565515661c104df86735938cac10f6620b065c566e25207c62c3c1dc336b6e7,Tests_failed,0.0,False,False
11,refs/heads/master,642bd97fd6723476ea65aafeb18a9c3ec14987a5,9f4a1eb31e8edd48063c19b480b3e8a099604f37,79100f2931af35c1488235e2cd9efb87f4a61e42,,False,False,,,,,,,,False
12,refs/heads/master,6fd839f7a31db8410c947d71079be568ce02b742,b389ca00d4fbd3555440a3937e9aae5493416802,95595b0dfc469cca960ff09f1ab5320422c6f058,,False,False,,,,,,,,False
