idx,branch_name,merge,left,right,notes,left_tree_fingerprint,left parent test result,left parent test coverage,right_tree_fingerprint,right parent test result,right parent test coverage,parents pass,diff contains java file,test merge,sampled for testing
1,refs/heads/master,fafb6c8fd64158662f6bb76838eb1b98775b15f4,7c9d4456d6cd70d71190ac658e91d34161af4952,a9dc20ce1444c5c80e53580abea41a4f51acbdea,,,,,,,,,False,False,False
2,refs/heads/master,d870dd2fac79ec07a7e9143cda4efe41fd3e66d4,5356672130809882e5d7d169af7d6a447ce7ebd3,a641e6c502f06dae6a0b6a4af3ed827040b05877,,63a4bed6ef8c8446082eeefd4694b5b4e761688a9c19390dc16680f6ec66bfc9,Tests_passed,0.09665371067654561,44b1d457e4a08d09d8f1c79a39be686a004bc4b71011ce1d41c02a017b5a449d,Tests_passed,0.09666251632299797,True,True,True,True
3,refs/heads/master,e3ea2ce0a5e850fd546d99ced5c6c2e576a71cc7,d173ca5ecded583343462527f47c994f30a7bb8e,819a70161b3af573860c591e35be226617613385,,4759b310e3276e6b08d5cc5c7f408b2428b0a765f61525881ab53be99a0e318b,Tests_passed,0.0973229693202816,0daeecc58be250197808e5e59a076b58650f90235d24fe7e21a9ac96f60fb4ed,Tests_passed,0.09656024151495746,True,True,True,True
4,refs/heads/master,04b8a0bb00ed3ce90c8af840e721ab3fef02e631,a73908ffad3a1b731272bad015f1406c59043d6a,ab23b714e08d42b9fb6d40ae104d249a4ca531bf,,,,,,,,,False,False,False
5,refs/heads/master,4a24b8b94210161b297d90bf9c5270d8fe1eaea4,70f7c38fbf11bcad40acd21a7d3fd176a3c101a4,402cdfdc298d3f81a8216ada8fa58c06666f49fc,,565a2c33f038d479c63de88d15058999618d4ebd08eb7c33018dad98c1371c3b,Tests_failed,0.0,72fcf8c8fe80c029ceb4c58156ed94012687a969fdbeb9dedaf4c21798693cf0,Tests_passed,0.09702463899055173,False,True,False,False
6,refs/heads/master,9e4cf62d1ca8baf3d34751e17a73b4464234cec3,881ee30047a95a78af25f435eadd787bd573ddd9,d78405cc463a1cb25931e96df1ec872d68372b5c,,f72f95ed72042f651df211af98fd27ec313a1b12b19a9db70be286efebf9ff8c,Tests_passed,0.09724585038392569,588696e179f75325f7d8c5ccfa21ec592b73274316b25db31f7b3856e289c0fc,Tests_passed,0.097621088726961,True,True,True,True
7,refs/heads/master,10b3995024bbd4fb8aee6137733a9ec7f5a6accf,2c974ee9466297ede0a4659caaddd6385898d912,3a44116c9276cdfb3a6221b8a8afe3c8299f1835,,5c801a61a3d12484dc919a58ebc8c76b66240d6acd13e2f9104fe5b4f63f176c,Tests_passed,0.09732415902140673,75cf6d50a35d01db39348f4236e25a642fb4b543c6a8da869080db096551d08f,Tests_passed,0.09732415902140673,True,True,True,True
