idx,branch_name,merge,left,right,notes,left_tree_fingerprint,left parent test result,left parent test coverage,right_tree_fingerprint,right parent test result,right parent test coverage,parents pass,diff contains java file,test merge,sampled for testing
2,refs/heads/master,9fcc021c9cde87c1851e0dd7e9ef7c09640155f6,070a0e34d9efc2cc96fce966caf8edb3d94346e8,0564e3874ff804a0c9f562f7ffe7cada1d5ba76b,,fc61eb4fc4aafba042f823afd618e317e0404ac3be335da9b0f643c512922295,Tests_passed,0.6605603448275862,7b7eab7fdacdc48ca98c8341b744156d43060395d98937feaf2dad4ba06df86e,Tests_passed,0.6939655172413793,True,True,True,True
11,refs/heads/master,3cd0a4df6e1e1d5625e55cb5f75eaa8407f8c477,cdae1547e0074c381878cf010a1e8af95cf6261a,5dd9c69913289e76bcfed1551410a3fb6b45254b,,5e909622f1fea413c9bf010be9043f3a6931d5ca436d92e65caa0d53d120db0b,Tests_passed,0.6035087719298246,2806df9ba9e46ad859a9c2c3752f991462baf2ffc979380414ca8861a077ed70,Tests_passed,0.5997732426303855,True,True,True,True
15,refs/heads/master,a4a4fb935c04b98f3137680378efb5e5e75693f9,d3ef32f946509f2b9ab0841f04542b13fb1dd96c,69581019b9e8fc3d467ad5da7c3b5adc4bf0bee7,,82c119023ac32b75db52b73551a2f7a1f64c3418fd3620aa3e464e6fa1c4c813,Tests_passed,0.6013513513513513,50ae3a190e1cb6be24b1a09a3e0f7fe824c8a8f75ef61805dfba9cd635d9d3aa,Tests_passed,0.5433455433455433,True,True,True,True
17,refs/heads/master,afbe2cdddd2d776744547752f820f0d8c03ad755,f190b3781a786d8102f986dd5246cdbf3652b8a6,bfe0f485963079579c710e12acd36d34971c775b,,e1d3a06eeb005ef9624875d7442754e74c46d02dd642a54a0ea7464fb57121a3,Tests_passed,0.7095435684647303,136350a3b76cae98a566f5af6ff93532df288ba825c498edf98e528f3b48e9c8,Tests_passed,0.7579529737206085,True,True,True,True
