idx,branch_name,merge,left,right,notes,left_tree_fingerprint,left parent test result,left parent test coverage,right_tree_fingerprint,right parent test result,right parent test coverage,parents pass,diff contains java file,test merge,sampled for testing
1,refs/heads/master,bd9e15011bee4708ff8b8e5dd9ffd15a7f19a972,2aba77864ba2a2cfecd5486c295a3be3d1a4f29c,1c111411b4c446b418a89c912e6ac95757e89f6b,,,,,,,,,False,False,False
6,refs/heads/master,2189b036ddb9c2b1e9223c1f363c54a4a63ce168,45e650d2e0731c49932b6216f8ca344096739ca4,e28f6ac979fbffaf1b5da13b21af1fa6c01eb5a8,,f1fd5a2c65fa5140d48613feb1392b43f79ddcc86cde1f2deeddb3d2b024cf18,Tests_passed,0.8970149253731343,afae589b730f805f1c6044373943769d64eb85da92646192e56225477be6b6af,Tests_passed,0.8903703703703704,True,True,True,True
15,refs/heads/master,fae3db02d5e683739ac2ef54b64177b2665c2db7,cfe217c31fffd9c5e33d46145d48af216b21d6ad,a0baab7e477ad228fb1ed29204319fcfc38e6d84,,86b0bf0cbd2af2c72097188e635fb011fbe15a41440e2384d55bc104eee97959,Tests_passed,0.805352798053528,07c6af95794627c9ffbd9c50852fa9d71ab214eba956b3e4f05622fbf1a7d082,Tests_passed,0.8090692124105012,True,True,True,True
19,refs/heads/master,5115137ecc1ab4c48b9a891aee5b86924e901207,d37b07c1f96636cb7b0378be2b2080f5df071395,0782bed7a0ca397b78fd6fc72ef3013bf6a7d754,,,,,,,,,False,False,False
