idx,branch_name,merge,left,right,notes,left_tree_fingerprint,left parent test result,left parent test coverage,right_tree_fingerprint,right parent test result,right parent test coverage,parents pass,diff contains java file,test merge,sampled for testing
1,refs/heads/master,674b6bad75441779c696c84ec3daa830f82f0da4,00d6a7ce10e6a3cace2627338f13794f4fc4cb56,801ec0e61c155157dbd087aaaabb191fb76513e8,,,,,,,,,False,False,False
3,refs/heads/master,a4af2a10a65b7e69cd36c89d5745fe4d1b52fc0b,bb7b46a45523b6d7c79f2dcedc9592c278e26a07,5ab247a758dd9a6a1a2f92df70d15b4704bf7670,,,,,,,,,False,False,False
10,refs/heads/master,dedac2c97b426e0b52e53b08b1cee5857ae16759,f3f5fab993d404e2b18f32e8af1f2ad35981f771,f694062b05996e129f90a715eb522df1487db068,,eea0e195846572581969af40184222e9c5a34c4db53ddece930911b9a316668d,Tests_failed,0.0,786fe8810bb3c23f144dc3ee3305fbf2e8c39721f71c04c12ed18194f3b508d6,Tests_failed,0.0,False,True,False,False
16,refs/remotes/origin/pull/36,694f43935ca7d044ae9385085df81a7500a38b9a,99211e4102cc204f61b248e2da9f0695db963755,f5a8059413183267c2038c774fede0add86cc581,,27a300b8d9b6961f9ec303af2e6541345afcb918163e13fa18e185ef012f2874,Tests_passed,0.020815264527320035,ae5e2450703cd57ad7075d910538bfd9de344f869ed763e95d74336f2b09a4da,Tests_passed,0.021798365122615803,True,True,True,True
