idx,branch_name,merge,left,right,notes,diff_contains_java_file,diff_size,left parent test coverage,left parent test result,left_tree_fingerprint,parents pass,right parent test coverage,right parent test result,right_tree_fingerprint,sampled for testing,test merge
1,refs/heads/master,daeeac0e1dedfc5d8e5d905371fd86a260f5cf80,5b095e109438a970ef45e025ae3cf9e07c4d89d4,2499b2e60c4f2db3596d29a82a39f36044ef6d9b,,False,5,0.7680097680097681,Tests_passed,25337a5a1a9ca841d3a94a0b6cddaa5ff11b4cdfbfd104a34ee3b18612e32a4c,True,0.7680097680097681,Tests_passed,c9b4570fa53a678fdeb0586d89f1f48174c9d5bf83c7413e01339a39a9fc7209,False,False
4,refs/heads/master,01ca7a83cadb126fcef90405f4a8036ac2a22a02,b78badfb88462adb87978da091e7b7213e3aa6a1,19602ad06a849def37a2de307a320871c1328fa2,,True,45,0.7381275440976933,Tests_passed,b739cf8e7d2ddc904d23ed4d66172c163ca413d14e78fe6d07f25048595de770,True,0.7886075949367088,Tests_passed,76bc71509d3cb6f40997b441785bfd2d0a99c13d3ffaff70a495597d6db6eeae,True,True
7,refs/heads/master,be068e32b916cfffe69e00a680542173c26d6071,f11880a47ede69320c69cb49c8b8524bc3eee406,5af02a65d545051ddac15268caf7f89beed0f884,,True,356,0.0,Tests_failed,b656b2620330bc2586d0cf1d39a50417bbc0db3e092ee35f23342182ce61d0fb,False,0.0,Tests_failed,d1c10eb080fc6acdf561b609a2efd3b50a93065b22d194cf43874d973c2ed884,False,False
