idx,branch_name,merge,left,right,notes,left_tree_fingerprint,left parent test result,left parent test coverage,right_tree_fingerprint,right parent test result,right parent test coverage,parents pass,diff contains java file,test merge,sampled for testing
1,refs/heads/master,6b2643842731046f2da59a60fe64adae6a039baa,a989a286d7620013a7427605dc218a733d4ddd89,56fe53535fc71d63d8ea7a817cd3358f13fcf677,,,,,,,,,False,False,False
2,refs/heads/master,7be376470c9ed5cfa5f47274dd1854223646ad39,8e92e9e60fb6c0329ae538afc4f0a48b246c2079,3e9390e7ed9b048c64808fa1c4702ce0ab375a51,,4924b0bdec2795295e2ddaef90225d354517861302619b006f0d49d6db583a2d,Tests_failed,0.0,1d94504378afd48e13626eab6d845d2d60274d74ceaa71794a36f80887c3dcb1,Tests_failed,0.0,False,True,False,False
3,refs/heads/master,f90c2bd3c3407128d60612613daa8b5e6c509fc7,0a883ddd4ebcc56a9028663e1273b0d50fab85db,06a7ae98fadbd19b1f49de3b6b209e4b556ce4ec,,85d40de620f73882f0bbbdee3fd7ac87e2a188c4dab59b2386ee2b30a0b239e4,Tests_passed,0.37213869285056767,64c27e5d6d67399c27f40815856fe49be9054640815f0b5995c8b8c45a23d0e0,Tests_passed,0.3715677086526587,True,True,True,True
4,refs/heads/master,809499c3d2b00e484ed755217405803b76e7b8d4,1ca5a00a1eab6df0ca888b384b3b2addeadcc24e,9683699f1f16a9b308a56216cddce93add9c9a44,,,,,,,,,False,False,False
6,refs/heads/master,9d8744648fbb727a50b6e52864dfba0b081c1908,a755c3a534198f97a7622e636972c2d8c2dc2bb4,cc252b9f5232f78dd31ea917a4deb439048ee60e,,3f42cd5ecca9d28c9c487202b1fc87320532ef966f3b6680ca9dff944584e6c5,Tests_failed,0.0,72ad4f478fd6368a6328cd63ab6a5e58bb615855ee21515f379a1f8a47bd1b43,Tests_passed,0.28701490533100577,False,True,False,False
