idx,branch_name,merge,left,right,notes,left_tree_fingerprint,left parent test result,left parent test coverage,right_tree_fingerprint,right parent test result,right parent test coverage,parents pass,diff contains java file,test merge,sampled for testing
7,refs/heads/master,e9b12e93d78b30080da10c6eacbe61e6aa72d088,0a1bdfb38baaafb0880069a0049417b2a81ed19d,d3eb9a955681fd7af78becc458179f20b373ef00,,61da57b35c9e9fd0b68247521f2bebfc68d6b7ff81f01c8d2aa60e15f6ea2909,Tests_passed,0.8304721030042919,a2f34fb0c383c632ebf1f9b674bc925b4708844fcfd9b51131394cf85a3783f9,Tests_passed,0.8304721030042919,True,True,True,True
8,refs/heads/master,a6c396cb75640dd322f4d5051fe440a6cae9fa82,872f41a8b21a28ac75f0891a82c7e28e7ddff371,d55b292cc14fbe3b0ecac08954c43b162d97057f,,7502798092039fd85692c0acd6333ade6764059d24f0db870f944f8fd1968d13,Tests_failed,0.0,f98b6d2e3ac173c515e249ed66c297f82a73c710be879759a5400166876d548e,Tests_failed,0.0,False,True,False,False
9,refs/heads/master,aaf1e095e06e2f7bb9c9530c5e4df07bec489ff3,06b24ebe61f9a5c41bfde9f489499f82fb691f67,ab8b0ecc745d53d30d30923712fe9a0c7d30ffb0,,6c50cba7d3aaf6dac48411bee1bfd055874beb53f4027b86081ffc24e9373072,Tests_failed,0.0,74669f1336b8c7fffa2f02a9ab54f218443fc03fab2bd7fd74ab74162d94fb7e,Tests_failed,0.0,False,True,False,False
10,refs/heads/master,a7af3fb2f6ae60b66e7df4c942a258b9f9b3cf1c,cf9b1d6580f632be3d60dd42ec39fee3dee74e44,5d1609a551e286fd6d8d406784648ad7d2124537,,,,,,,,,False,False,False
11,refs/heads/master,c034347016a40582b59c1ce12d3bc5e1b5bb94f1,adb71b9b578f37a60fabf49d785885b2f4b70142,b60f58c9ca169a354a2f36c7265f051bf5590084,,7890dde187c52078fdc73e7775960b9ca1a16d05df3203504e513e21131e19ba,Tests_failed,0.0,3a9023a96ae163cca1e33fb85dff92d732846897fd1bee133c092df9e27c1358,Tests_passed,0.5929545917328446,False,True,False,False
15,refs/heads/master,f63e500c9c066a18919ce2753255c34f17a0401a,05340c956cb936173ea608773c7efb4d70fb14df,77980c6f431b357af49f8595afa0612350bbd65f,,c7e567aa83b9cf288638fd0f39d9bfcad9d4b6e947634bd4413726940e955327,Tests_passed,0.5288362512873327,818e66b7e5cf5e7aab61eac59c620b953fabd5e1eeb42fdf5239de5330d40ad2,Tests_passed,0.5288362512873327,True,True,True,True
