idx,branch_name,merge,left,right,notes,diff_contains_java_file,diff_size,left parent test coverage,left parent test result,left_tree_fingerprint,parents pass,right parent test coverage,right parent test result,right_tree_fingerprint,sampled for testing,test merge
1,refs/heads/master,98adedc4f70d6140ae5db2a6bcc108739a83f27c,3c8aff9e03fc7c67e2a8f51ddf0fbd8094d72b5b,651b6800ab41bb75027ec6ba8038066cd884d60d,,False,5,,,,,,,,False,False
5,refs/heads/master,2384b5297f929de3e6d4cd83422794c6b6248d00,fb0be99c3d17ae1eb887ea0334c26d1dc49d86e2,952cee9d404ae36ddb7457b65db35249fc3a03dc,,False,15,,,,,,,,False,False
15,refs/heads/master,b15e3bd52f2d6cfe3d2b456766847691694fcd72,947589141b1290c6eb3bbfdf67c55a62b4972dbf,ea1bb689ad2a75ef6a89843ab31dc881926d603a,,True,24,0.6924528301886792,Tests_passed,5366623e94bc3b3f96f8892568e6f864aae6e5e21aee1a9c1d06497323fd4dce,True,0.6924528301886792,Tests_passed,db05e5da5c5daca74e35a9ceabc60a9bdf34ec2f7b1e5fb96532a76f604a53ad,True,True
16,refs/remotes/origin/pull/205,59dfa777dd8ac766e0f25dc46e8346e84c7b9571,d95f6e782dd89e12a5051d33238bcb2f2bab4564,4e63e96ab2773213446088ea013686c79dd838bb,,True,3045,0.8650822669104204,Tests_passed,9f006998b111c1df4a304136c30a95cc6fdfc3985e64ba6495748d2b1d34ee53,True,0.8824017249958533,Tests_passed,35fd81c00d174620e4747b667d75ac9aae79cd0feb090c8e9d0ae5c7efbbf2e0,True,True
18,refs/remotes/origin/pull/261,ceab7a06db5273854c724e1dffe9f3a846ed2280,ccae686eedb74bc013040e42ca26559bbe03bcbc,f9ddba08a7b218c0f14dc8f713709b2e28aeab65,,False,3,,,,,,,,False,False
