idx,branch_name,merge,left,right,notes,left_tree_fingerprint,left parent test result,left parent test coverage,right_tree_fingerprint,right parent test result,right parent test coverage,parents pass,diff contains java file,test merge,sampled for testing
5,refs/heads/master,5347d1849fb02f2f085209029c8a08e3f68b6e3b,26bf0a15bb4d0ee2be0b4fbad1ca8e156a94823b,aeb9b7af960bc1e46454ceee9cdab3a6422c84de,,a4299a9f24741b90c2948f2ee192d34129e85c2ceca2a2fab512a7907a5c5980,Tests_passed,0.613762102351314,61b210d634a792cfff41e09e128043d66e2dde74c6b8a1e12f7d6acb547add07,Tests_passed,0.6333333333333333,True,True,True,True
6,refs/heads/master,aeb9b7af960bc1e46454ceee9cdab3a6422c84de,d1c403b38cdf953b7eda55c75dd11d17dce4b8d9,95a2018ef5d363e2d244ed819530ea3580550be5,,,,,,,,,False,False,False
7,refs/heads/master,d1c403b38cdf953b7eda55c75dd11d17dce4b8d9,2098a991a15672b4d1f2518093ef5c7e01e59e07,9d72e7c27718272c371146e7d52b7651862c330e,,86536326abf7b1ad3044355081af827075549bf2d09388bad235f78c99588aaa,Tests_failed,0.0,156360427d3b10859a7b1ade4704eb568b2f902e09e684bf9abf11c6ef8944fd,Tests_failed,0.0,False,True,False,False
9,refs/heads/master,974b34d14db5402bfe9afee87748e4ad4ed4a4b3,3fbc89daffebadfd3b71c6d3c18bee490c361e22,efa9db8dcd6274a1f70faec63a587028f3800d6d,,4154a43e2446db4574f8eb96724c156484b9a9bc1e918016b91f67fd4821e063,Tests_passed,0.621977240398293,071e165b32bf6c9e9c12695e7550bc958a9df96099a52cfa31ffccd0cbbdfb43,Tests_passed,0.6077064220183486,True,True,True,True
18,refs/heads/master,b0ffc8a4a74fa12ab5dc554d661b1ec5e06295ee,cf2d20cd0d99a5ebdf2bb0adb841057d41458ed5,394b7fb6ec5463e7a6a629effb2744f31e2b4b99,,8b300a6ee5cfa3e3dc067b822d5ba4ee04e4162daa197cf6648e787907bfd410,Tests_passed,0.5420711974110033,bfb44356254b18147e15cf5da2df60d346897bab1bd8478bcfb41b9fbbbf04ac,Tests_passed,0.5451784358390281,True,True,True,True
20,refs/heads/master,ae3f6ef3d318598fc3cd1587a59a6358e3ea329d,5101380a368f76bc2fe058486266b44656f99360,e16baa5f46a753149085e2aabbcebef477f88064,,154111fe41ba74d57075b5b0da67bc1b014c8d627344a82e5661b3da2221594c,Tests_passed,0.583947583947584,ead0b4a977837688584fdb15f956559587f7dfdcb693483376211f53455f507a,Tests_passed,0.5889621087314663,True,True,True,True
