idx,branch_name,merge,left,right,notes,diff_contains_java_file,diff_size,left parent test coverage,left parent test result,left_tree_fingerprint,parents pass,right parent test coverage,right parent test result,right_tree_fingerprint,sampled for testing,test merge
5,refs/heads/master,bf066e9ebf497fd30c36f17397a479f90eac5f2e,c12c9f1567ff445caa7339449bd5ffb062cc2e03,48d862b3a316c95b170f2e164be094e0f67d8601,,False,27,0.8443051201671892,Tests_passed,21842b054bbf85e118d502d1d6c579c27fc2468073fe5843c30ac297709f8ba7,True,0.8436516264428122,Tests_passed,02961c945736d5a3b6ea67b306f7fa97d8b80b1da50fe9ef4afc1f235f61c9a7,False,False
10,refs/heads/master,f17db80f2cb6e88974ab0ce868e05267eeaa7d32,10309c404dfb0f1801c3234240a7479bbe9df574,d9095366a97c93d37f02b712f4e9a60d7bfa98cb,,False,44,0.821605550049554,Tests_passed,fd8da4eab07e2f22ebeab58bee9d4bafb8be3ce23cb70362f06f9bb7458277f2,True,0.821605550049554,Tests_passed,b185e808e521379bfd06777d0b1f7fcd34e283aac52ee5d7f6ac1b799d7674c9,False,False
12,refs/heads/master,9ec1e3830f074f39c6f4fcedd780e3a38b22ae0c,63ae7ffdd28a76dd59a2fbc65bcfd9318e90946c,c46390fbe96e0eaae7c937baf4f5add7a54cd357,,False,3,0.0,Tests_passed,a1be0378f9dd7ea3b882ad3fcc93076cc025b01d0940996792b97e01f913e6d3,True,0.0,Tests_passed,b823dc19015bb5253110c635edd8cdb1cfd5c18b250dfd5ea067c97c657e5cc5,False,False
