idx,branch_name,merge,left,right,notes,left_tree_fingerprint,left parent test result,left parent test coverage,right_tree_fingerprint,right parent test result,right parent test coverage,parents pass,diff contains java file,test merge,sampled for testing
1,refs/heads/master,8f18b7553c1da70fe58ce3c0e539e6ceb40b3782,0e255e4723e23c5e501d26af3962330a17c6d698,aa9d3c8c5690f06c2b61fe3ed01ac45ac1ae4536,,6ea88601eb7f5fe990299765644c3e3f42f054621cedcad23ee9d3cc274f49b4,Tests_passed,0.5478991596638656,a5f839513f562e0979112de06c9fbfe3bf3c105fce48ea06dff1d9d5847e8325,Tests_passed,0.5519187358916479,True,True,True,True
6,refs/heads/master,68b2b36a6b81d000c1f5a8affef1ad2c4f8c87d3,e14894e6df5de02cac791cd590a362d966638cef,cdfbfa54e0e50bd895a09f1c8ba426348de90200,,2581b3c44a99a971a2fa8b051890febd16b9aeee9c80b83d3f28bc9ac651120e,Tests_passed,0.21598535692495424,50350f7f377bcbb43258b47e14d4d84f50a84acd1185715f746d77072f3cfccd,Tests_passed,0.21598535692495424,True,True,True,True
11,refs/remotes/origin/pull/7,a78dbf7e4e510bcff996c360a7d4edcad9b0494c,e3dd69695572777c368805d934065f1d2dd3bb77,ac0fe5e9cc62c88029980c94fee2b2a89b967ffe,,7b8111e5854dc922d026253bdfa4bbbf73acdfa15c2232fcad557ed20c69d5ba,Tests_passed,0.21598535692495424,2fdb81eca122c9b2554306592732f48d0ea8e607b46cc8d3885ebd749c99e4b8,Tests_passed,0.21598535692495424,True,True,True,True
