idx,branch_name,merge,left,right,notes,diff_contains_java_file,diff_size,left parent test coverage,left parent test result,left_tree_fingerprint,parents pass,right parent test coverage,right parent test result,right_tree_fingerprint,sampled for testing,test merge
2,refs/heads/master,bda57a5d129c435c0a447a0fd377a313bdbcf17e,4432fb7a0380fda8408b8eafc11e44dfb34b6c44,46ccc8cab8bb21697615a6fbf7c4d645ca7f9684,,False,63,0.8787390291957728,Tests_passed,c390bdf486df9018e6b8cdf20ffacb30059ea01629a3fbfbfaa95ec0ca6abd68,True,0.8789101012817065,Tests_passed,6a092b3b24c7a59f6aefc1cb66ddf288f727a390d84bab92d2fb993544916eea,False,False
8,refs/heads/master,6e7b46f41f090117bd31ea9907621e454f8eab3a,d2d233390ac7cc668764818cdb395df1f79bd2df,161a9d36f3c86396f7a499e2ea1d6a2b4a4e6379,,True,31,0.0,Tests_failed,112e3d173e0e7f6d12dd6799f7fee9ee9789b189f04917d2b34012d0464853c0,False,0.0,Tests_failed,7fc3c0518b3a16694615002be2644edf1d508f79436701d8011d1831e101addc,False,False
9,refs/heads/master,c6c64ff83c7562bac090a9718bcc85f0e3a5b77e,5a2daa8da109a0f1a903c97614c837cc88a2623c,df0311a9781d821b367634843ccc88ac6660e317,,True,42,0.0,Tests_failed,fadb318e59199b72b40a79d58c4e02badc3d6be280581465d99e445b1f8518e9,False,0.0,Tests_failed,eb4fc2a7f3a36b5b3fdd037f98e1e596926297c7b2d6ff13bff8397c2c55b0a9,False,False
10,refs/heads/master,3c272b5cb95128de42625aed979bfa87a2b0b999,62f5f3399c567ab944e0436e5a99e1197db23a42,fa6ef49da17a5b8be2308210c30ce8b8a2736f0e,,True,144,0.8489341983317887,Tests_passed,6705b7ee0027cdc04cbf5108a6c9429186ee4e82ba6b8141a6126001403e4c3d,False,0.0,Tests_failed,2cd6ec5ab2e6c1759aeba084f10af8a96b748867a0a9d3198e943d0e57793248,False,False
11,refs/remotes/origin/merged_regions,f33568cd7f24b2d140f4aca368c978b3632951b6,bc635049b3550558b8545264c9a59347a86d41d9,ccc0eeadd4d25114db216e6de2e0fb49c9991416,,False,87,0.8789101012817065,Tests_passed,411e8d3c36be0a06cdf5ad682eeb06fa8e50669d37a6adaf00edf602ff159714,True,0.8787390291957728,Tests_passed,6c8ebb779d16ec1ade8798602d9057dafe31c8d1ccca1b2edd82feb9c363b942,False,False
