idx,branch_name,merge,left,right,notes,diff_contains_java_file,diff_size,left parent test coverage,left parent test result,left_tree_fingerprint,parents pass,right parent test coverage,right parent test result,right_tree_fingerprint,sampled for testing,test merge
3,refs/heads/master,6df9292fc9ecdb12cc480f81b5025211f8111b8c,3c67e28974c60ad2c2bc9e40d4fbfec2e7f79ac5,18ce0615961e4b0c5d079eb8d124535db2772122,,True,11,0.11015798127099864,Tests_passed,db67fecd8af6ee03b65733dc0d70905676558bb8100cde734349e3e7e61dcea7,True,0.11006356688807942,Tests_passed,25735be3cde51b67960ab38ee29400e85f6a8c169dcc45ae232d27c73a79de5b,True,True
4,refs/heads/master,18ce0615961e4b0c5d079eb8d124535db2772122,9e46616046045001518286214deb59602f68d98a,4e07ab1461d31f7d588b322edcb6d0dafdd46b41,,False,201,,,,,,,,False,False
5,refs/heads/master,52cc84e27657724b804ab6c294390eec399dbef5,1b85aa8243d8e1620dfdfa0ee291c5479ed48a4d,adbaffbc3b93fadc2950122d582365a82e4fd89f,,False,3,,,,,,,,False,False
7,refs/heads/master,d2049f67ca63d9216fea317361bd6f0ab31acaab,fad68c9875d825d617f517a974240f196e172f5e,217fc020df562267c0137d1242c7cef639803e70,,False,16,,,,,,,,False,False
9,refs/heads/master,62fb9296e8a8a0c3569630db86f72c4431a59af9,1d5f41e216cbd256148e0b617d4f9497ac1cbe81,cbb8c34c2182cd3c290acedb85cbd79a18da2f71,,True,148,0.0,Tests_failed,3779289beac5d75a05e316c1f6bac5e4372eb5050efb56df8055012dd6cea8e4,False,0.13811659192825113,Tests_passed,5a4668df1a151e1ec4ba95aa17d7c47ea86111da6c8d5793bf62e9cc8ddc6ad0,False,False
10,refs/heads/master,4d2a243e7e359caffe32a4ee2bfe1af64bec2f03,7f1b3263030be389a9972593bd2fa408fcd93d32,afa36bb880e23802b6ed01225907f4c4a4a015ba,,False,44,,,,,,,,False,False
11,refs/heads/master,44a8ee0f244ffdf184bb32db63e7e852cc40f6c5,cb5ebefadf6e2948dd8ee65b6c97d454c8bf7119,45e8eee74ddb65e09fd2887d7bfdee0938c3e0ec,,False,5,,,,,,,,False,False
