idx,branch_name,merge,left,right,notes,diff_contains_java_file,diff_size,left parent test coverage,left parent test result,left_tree_fingerprint,parents pass,right parent test coverage,right parent test result,right_tree_fingerprint,sampled for testing,test merge
1,refs/heads/master,505e53ef55c8ff55a9cb28ccda5e80bb841a22cd,c7eb58c6186cc6ef7b6e66f38e68d398657be1f8,4651f04c719d0322c100dc79fd8a950805ecbea4,,False,2,0.6393759393115294,Tests_passed,60e3f5021f81515bdd17c2a47cf13f84b3e30048dd64cbef880be8fb4dbbceab,True,0.6393759393115294,Tests_passed,6e23e06f3d2d6b624c22b722c40f689087f0764a33735fd0f7dd1be453804024,False,False
2,refs/heads/master,1db27ce295b4a68c306461818994e61abd21c6b0,26bc79d7ed478872f615e80fa177f0c4582c3631,0c00fd460fe354a1b2f89d855a71e897a95946d7,,False,6,0.6393759393115294,Tests_passed,8298730beb80dd101b057b73f003c4541a0400c157d6cd08e9169b66f76c9de4,True,0.6393759393115294,Tests_passed,4dde936e62f60b44e2c94a025f12e37771f12096406a067f21d623b3a9058a44,False,False
3,refs/heads/master,bb9b165e9b6f5db5725394be827250f61e87b71a,307fe1c63dac2e5049efdf21a478ed577fe1ed66,79216680be9c17f819e516efb5c9dfd210dad720,,True,9,0.8024871982443307,Tests_passed,7389c76b28bb8988108f02d3f429c9a276769fc94c3b5b47a4382b34d600ac87,True,0.8336688475088072,Tests_passed,732cba39f762d73abe26fcf138efdb5d481f7589c86d81d831d0f4957a95da99,True,True
4,refs/heads/master,79216680be9c17f819e516efb5c9dfd210dad720,5e1720834650411af9a85726563c78f5aa7b97ee,7fe677e2d017a35246783baa3d49e87dcb465e3c,,True,21,0.0,Tests_failed,2faa3f88c409a9ebfeb482005288111266966fdcde12ba2e2c9cf36ad9f30f45,False,0.8288993218570684,Tests_passed,6cda3ea25276f14d2224e6b2b57b267891208a592753c11283b78a7c99ea6915,False,False
5,refs/heads/master,3150ca24ba7ceb453ead806e03d70e8390e1dc06,dda7946af44b2597ea00cb204a8edb1a624a6251,e112e0117daa6b9585b2df92edcc38b679c281d5,,True,5,0.0,Tests_failed,fdb550ed06bdfcaeb5f481f609cba1f3c5dc235704040c113401e9a7ce28a76b,False,0.0,Tests_failed,e60f27d772ef3c98143e70eff1f457759cc1aa622c9b3146f0f0c312818b892e,False,False
