idx,branch_name,merge,left,right,notes,diff_contains_java_file,diff_size,left parent test coverage,left parent test result,left_tree_fingerprint,parents pass,right parent test coverage,right parent test result,right_tree_fingerprint,sampled for testing,test merge
1,refs/heads/main,af9e8b2ec8f77ef09293032320559332bbbd0969,bfe908517db621027bbc148b642ac07de1dad719,7434f407b6e0b683bd8036b757243324b5248dd8,,False,184,0.8799083769633508,Tests_passed,c205398caca219a4146887a5268b5496d43dad43920633c5e8e28d7a44513769,True,0.8767034393251135,Tests_passed,220d783564c8556873fc60e7e086782b87bcdef637b839b163d933da46b4593a,False,False
2,refs/remotes/origin/pull/6,3cf16afb341868108e4b2bfd50dd6b80dec1880d,097a86e4a2005206aaa0701657afda65a1730265,1002284360c3ead3989c89d8f185aaf6f48943a0,,True,173,0.8520446096654275,Tests_passed,56a38d7ee159e751444d30b9cc5609a7a3f9f1435d9876c5a5aecbbeadf819bb,True,0.8336827393431167,Tests_passed,7912f0e692e80a35cf51a88f0b816e71118aada0a890a6532833c1f54707ef2e,True,True
