idx,branch_name,merge,left,right,notes,left_tree_fingerprint,left parent test result,left parent test coverage,right_tree_fingerprint,right parent test result,right parent test coverage,parents pass,diff contains java file,test merge,sampled for testing
2,refs/heads/master,c9abc836cd40b258ed9f369fcd6413c4674ba085,54e973059a2d9404c0bae744e9f2ef907b198095,88976f8431fa636dcab353e635d82696ed730542,,6a63ddb0bc8f320afd2ea2dae6c1963c2318233c65e76bad93a18a878a40c394,Tests_passed,0.5906645449723422,2970b95310a800a6a0aa442aced15eab888081c74d4d5aa1a7f9643581104fcb,Tests_passed,0.5928111993946273,True,True,True,True
5,refs/remotes/origin/pull/1,1079da2f62ed1b8c096c40aeb293b1f1348d6e5d,6299d33d6b0d3e44d3dca4fec896ed368165dc5c,93106b5a0e7cf303bbb19ac8f2c7af5d6a6f5523,,d971cadbd932e5b7e11dc49e37ff7632d7af515e9def82bbd9c262f0f0e4db8e,Tests_failed,0.0,73a2ef4bdec99c031a98953b8085037f9c3eca3783d158d1e694a6994d31ab36,Tests_failed,0.0,False,True,False,False
6,refs/remotes/origin/pull/4,e6e3f73f17541ea1de2d07f7af66e4f9cae2b4de,52742d33d54f73dab4d6b45ecc35251258f81337,1fa0166f6663d5ea19111b029ca4f021d2a79bc4,,4a9b1b68810a59d16909ba7b06648de6cfc232db8b81adb993cd9445edfdb8bc,Tests_passed,0.5700789726179054,da963de969a231565a7811094b71cb04d631f4a95ee039e95cdacf9edb372402,Tests_passed,0.5658811323551208,True,True,True,True
7,refs/remotes/origin/pull/4,52742d33d54f73dab4d6b45ecc35251258f81337,3395c86801bfa7234d32f738a65a13fcd065a17b,f5bf628a41fbd9a920b5c8ed20032450b0bc3025,,abd42fdb87f21592acfae575a2fd4c5342773a9f029837ca7c5474021b97c801,Tests_passed,0.533183921341816,378f097a370ea7bb61d5d3ffd0f85f6e71fa97a59f9b1ab37b871d5d0267b111,Tests_passed,0.568430387230269,True,True,True,True
8,refs/remotes/origin/pull/7,66ca16d72b571aa4ce1ed8286de3484fc007ec45,5f37bbd2de7caa3e5d23f54d4a1e685d37e2a74d,58b0e349f804c13a0214a30a9ac93dcde42be2ca,,1ff45d0cdda0ae3c5518967939172bd066cb971972d87b36cc1252b07877c87d,Tests_failed,0.0,78ec20e951c988bc2eb553cfcaf5bcdc4d03ae76632490c97261b8d9430fa49f,Tests_passed,0.5836549375709421,False,True,False,False
