idx,branch_name,merge,left,right,notes,diff_contains_java_file,diff_size,left parent test coverage,left parent test result,left_tree_fingerprint,parents pass,right parent test coverage,right parent test result,right_tree_fingerprint,sampled for testing,test merge
5,refs/heads/master,e3fbab5645a7c612ccb31ebcbb04f1b3e182a6cf,d5259b9e7f740ce697d781c3c6fae8c53a1bcde6,aec5f6c774ebb1b06ff60163dad5fb4232b895e6,,False,133,0.0,Tests_passed,03dbceab636a6ef5ca34ac2b3a5e1141fabd8c1066bb3bdd8338399fb39d24fc,True,0.0,Tests_passed,7f219d1f5b6c3e955c3fbbd46568d09c953d03be3647ee446efaf7c7bdaaef36,False,False
6,refs/remotes/origin/gh-pages,2fa7b9ac5e5eb4bf753314b18c187fed0b50d85e,bbd83f4e4c8a61d74644d66bded6541d7e46aa36,b976eb0ac6b4d5c877339ed69603cf136bac145f,two initial commits,False,227,0.0,Tests_failed,c0b2eda833a6a035c8f55f490303e60edeaa0a52bb5525c2701f6f95b5541396,False,0.0,Tests_failed,943c752cf068d35661a0ae4f0b1cb6f604518d82db63228c9e18b13b510f7db0,False,False
7,refs/remotes/origin/gh-pages,1dfef58fddc9bfb91aaacf80f6b0ce5df5b96b9a,a84ecc9225d87c6a68b91558bbd75d099eeb9496,2e008c6aeef58410e2d45d21a117ae0b4dd1019d,two initial commits,False,840,0.2680577849117175,Tests_passed,b305f7ff685924e67992541b28299904acc92ade9124ecca6a6482f97039858c,False,0.0,Tests_failed,ef5505c70c5936755c390e56e65b213292cc5b7fd732d44e65f2fef3c6614653,False,False
8,refs/remotes/origin/gh-pages,a84ecc9225d87c6a68b91558bbd75d099eeb9496,336265ed350f95eaeb7550819b3c92f66ad2064e,dd13596d97e49b7fff343ed0f9f0bbeaa1ae0881,two initial commits,False,624,0.2680577849117175,Tests_passed,04a7b577f37f92b8f86a298c2713522d25282af632a53f5e49465ff0b36c90e0,False,0.0,Tests_failed,f1deadee8a615ab752dc2ee9a7b09ca1cdc485043a4addb08cea6eb71afcb3e5,False,False
9,refs/remotes/origin/gh-pages,336265ed350f95eaeb7550819b3c92f66ad2064e,b935d170a2c8a690e1c9d853970263cc8300195c,54215e1f7ab894c92b60d66ebb96c90c9f75d6f1,two initial commits,False,2,0.0,Tests_failed,3a100189286b55cc3482daa901bfd0318ff4e0542d31dd83d8dfd62016c2276f,False,0.2680577849117175,Tests_passed,a2af0954f014b184f61a1ac72dcd5d537f1cd1e7a7a6defe76c9c38e20016126,False,False
10,refs/remotes/origin/gh-pages,b935d170a2c8a690e1c9d853970263cc8300195c,7880345bfae5b6a81fd69df2ca74c8a3aa300028,f74f90d37a7ad32bc0a898a491faf9a062db09b2,,False,344,0.0,Tests_failed,aef3ffdf9d90e27cc91b7fd6056ee54d37e94df26ecf2a87e4b6cba6619b7445,False,0.0,Tests_failed,faef4b039cdc62e5d3b660d2e0051c08883813da4d038b1013cbd407ee2c653a,False,False
