idx,branch_name,merge,left,right,notes,left_tree_fingerprint,left parent test result,left parent test coverage,right_tree_fingerprint,right parent test result,right parent test coverage,parents pass,diff contains java file,test merge,sampled for testing
5,refs/heads/master,7f2f9e296383176f71e5b1cd6795079418a5f207,7b410e94f1d2d09199b114f5fb5110267bae1265,603e6830a0a1240eeeb44f824badc30443e4ec44,,d939d92ec3c501048bcb762882227930821ed85ed95682e3f91e57d821fe81f0,Tests_passed,0.12430039261548743,dd326de966764873b959f610254c1c7ddf0537b2549a14655c80ebe3b3321b8c,Tests_passed,0.12430039261548743,True,True,True,True
7,refs/heads/master,8c60972fd3158f8acf1dfcbdce0a5ccb529e4ffa,62039153d20df341f496fc98eaf2d03121789091,a50adaff77794f583dbaa58dccbb8d6433794deb,,e9ecca30679be7d2381d80a12905b3468e1b443cdd4c6dd2b556c517c72902a3,Tests_passed,0.12491605104096709,be550c987ffe2c4d71585fc4922f7cf02d2c1f6c9e666d593f56bfeebb0d4d4b,Tests_passed,0.12436272461345592,True,True,True,True
