idx,branch_name,merge,left,right,notes,diff_contains_java_file,diff_size,left parent test coverage,left parent test result,left_tree_fingerprint,parents pass,right parent test coverage,right parent test result,right_tree_fingerprint,test merge,sampled for testing
1,refs/heads/master,9f54ed913cae54d613b3bc7a352f579d0c6b816f,6eafd54884baca58550183ebb72415c2ac06cf88,1611d96c94bc7ee32105adcd5c3fc1c90f02f802,,False,22,0.6716417910447762,Tests_passed,9532d83e3ead6f30e576c7338dd3ea1c1df361dc73317ca5bec3adf9cac573b2,True,0.6716417910447762,Tests_passed,831d33bfd96acf2decfaa11dad14ad75fe6a9ef2f860676aee2b4b1159787db6,False,False
4,refs/heads/master,5fb19a0f4bd48168470e3634518a11cd26162de4,dc492acd3b318baa2be80ad8f42bf72ee9609cfe,6e97cd8bd2272489b7889e48dd5d22aa0b91467a,,True,1022,0.0,Tests_failed,1fa736f0db4a936e0974636f0ee32db042c5dc30c8add6250c2f2f8eec212ce7,False,0.0,Tests_failed,0ff4ff767c505babe37328359fe14482d4f553767de8800aded2659a89f74020,False,False
6,refs/heads/master,fb966f94847cd2dc86cc1aa9dc283b6d3583b5eb,ee0e7e17a978bb19c0dd38371eff46fd25e9cd9c,8bc12bdb56ff7519736600aa259dcee206d40cb8,,True,36,0.0,Tests_failed,6cc71257bde6d90fee91d4e74dfd80127cc110118abfed09a3b41fe8d618bc42,False,0.0,Tests_failed,2015bb24b90f83dccd65012db0f6820b87cea082cdca1699b9c23bd3641d38cd,False,False
9,refs/heads/master,9931bb8e386926abd23be3e8b7fc02198af2f77e,665d17368c63619dee6372d133946f3379c5be3e,8d906a3a27f66dc90992de2b4ced6f1e89bf4d62,,False,13,0.0,Tests_failed,15df0f40ea49568143087b980a9814660bd430dc148754b70e4d85cde0fa4bd1,False,0.0,Tests_failed,266319600a3264a0f019153d98f97845e0f2ebe4e8e088eca1b754a67c169dbe,False,False
10,refs/heads/master,85731b6e8ba0d0f321abd84c8fc57d31841c9033,8264b20ed612005a5745988739026a5e5f5cc7df,4551f75f616c9f340d9eb0488cad1c85d26482e6,,False,18,0.0,Tests_failed,f06a0dd565ff76cbf0fb520c77acc585df999b9623013119461ec58d37c5fcfd,False,0.0,Tests_failed,520ba63822b3b7e59fec305bf1f08f08f5610e37965d772032e2b4a03cddcc5a,False,False
