idx,branch_name,merge,left,right,notes,left_tree_fingerprint,left parent test result,left parent test coverage,right_tree_fingerprint,right parent test result,right parent test coverage,parents pass,diff contains java file,test merge,sampled for testing
2,refs/heads/master,c20a50538a4bc8f933ff64f52e148183194628a7,72e52c6097d7369b652cf7a725290d8be9ae9e1b,4386824015d9b895dae21a43a5b998e29792a0c7,,,,,,,,,False,False,False
3,refs/heads/master,005b8aa9e11caf7bb0f8054889d51569eafeeedc,7a25727a5ad300cb7d76bbe3936a21d43a683c18,3169514a3a4c0b76be322c1933b8ae01d868f8fd,,94297f86116c0283647bf6c388abda0f26af41a11ce47955bdf7ab28e5a1b701,Tests_failed,0.0,8f900e49995fd1d7e2a6434fcad7f5f03bb484c0e261414a3835837229ed6594,Tests_failed,0.0,False,True,False,False
4,refs/heads/master,a1490e6a96045dac3179a3f8a242deef3170951a,44b9051064ee2a2613545598889a5b7d2a57e88f,d776c6f210d5b03e0f3491de53c0eadfda842fdb,,63c5847ecdc61f9a4a1d88870a49242e053ffcec197582e3c1a27353bdda74ca,Tests_failed,0.0,24ea92321e970009382138634b57f61f1ff03b36a5ea72dcc2767bef1f1a96fe,Tests_failed,0.0,False,True,False,False
5,refs/heads/master,798c4e8920bbeb41885f8cea58085d22c71a080e,55c3f9043dffa22fba754f19a9d77e1de1f68998,480d913430494d8618d3ddab847cd934460b61db,,41aa4af355e4373f0e7d99fd320e8915cf4aa5abdf999b4444e2ac06ff4e5dc5,Tests_passed,0.8384279475982532,8aa2f1e70a24065b8a4dfb011f5bbe188594f6b4b37f6ac8fe9deea0a0943ff8,Tests_passed,0.8660714285714286,True,True,True,True
