idx,branch_name,merge,left,right,notes,left_tree_fingerprint,left parent test result,left parent test coverage,right_tree_fingerprint,right parent test result,right parent test coverage,parents pass,diff contains java file,test merge,sampled for testing
2,refs/heads/master,94924618e064c1f84eb9a6ae3af4dbbe8d234a84,e7de626f6c9c24f2c31d21cee62fa98efaf2d648,02455b229d114440b600cab58c6abc8e66d366c5,,a9c303e2c7c3474e83153d270073f7d94de6236b13956351d9ad644842634a9c,Tests_passed,0.9327731092436975,0d1bd3f93facb633f31738175c7d32d5b723772920c94b1ffc6ffe91f2ffd43f,Tests_passed,0.9393939393939394,True,True,True,True
3,refs/heads/master,66bb7713e046741e068748c2a29e802259ce1a93,0e09accd91d95fe26b9b89e48529d1a557f34700,45c61bbfa96bac663f8064d41d6260d8dad64a00,,f99f2d4d445621307e3bfa5c40c7b4a6914d4c126aaba36a8437bb98325de203,Tests_passed,0.9327731092436975,356ca3d6d83192418741e49f0c6a87f23f2afcd2119cb39a269d5184a43f3777,Tests_passed,0.9327731092436975,True,True,True,True
