idx,branch_name,merge,left,right,notes,diff_contains_java_file,diff_size,left parent test coverage,left parent test result,left_tree_fingerprint,parents pass,right parent test coverage,right parent test result,right_tree_fingerprint,sampled for testing,test merge
2,refs/heads/master,94924618e064c1f84eb9a6ae3af4dbbe8d234a84,e7de626f6c9c24f2c31d21cee62fa98efaf2d648,02455b229d114440b600cab58c6abc8e66d366c5,,False,37,0.9327731092436975,Tests_passed,a9c303e2c7c3474e83153d270073f7d94de6236b13956351d9ad644842634a9c,True,0.9393939393939394,Tests_passed,0d1bd3f93facb633f31738175c7d32d5b723772920c94b1ffc6ffe91f2ffd43f,False,False
3,refs/heads/master,66bb7713e046741e068748c2a29e802259ce1a93,0e09accd91d95fe26b9b89e48529d1a557f34700,45c61bbfa96bac663f8064d41d6260d8dad64a00,,False,59,0.9327731092436975,Tests_passed,f99f2d4d445621307e3bfa5c40c7b4a6914d4c126aaba36a8437bb98325de203,True,0.9327731092436975,Tests_passed,356ca3d6d83192418741e49f0c6a87f23f2afcd2119cb39a269d5184a43f3777,False,False
