idx,branch_name,merge,left,right,notes,diff_contains_java_file,diff_size,left parent test coverage,left parent test result,left_tree_fingerprint,parents pass,right parent test coverage,right parent test result,right_tree_fingerprint,sampled for testing,test merge
1,refs/heads/master,56b23ab3904e3691f841636d954d02d4d16536e7,6501f341b98a5cd872b58c8d733ea2613d82b8ad,20d10b3dca86fdec84e4ce0963de4b364c3da0e1,,True,156,0.12296037296037296,Tests_passed,25edbac269eb1e01b61793b58851ee68185fe9293f0439caf6db08334f3101f2,True,0.0857307249712313,Tests_passed,f23b386d7ca11777f76a7ffb1e79b29cbe3073317505f53baaefc1ed50881196,True,True
2,refs/heads/master,b7b2e607d8cea48cd019b6a776fb0c27271496f4,f1b63aa8988f56251490145d261127a98d2ae39b,e02f919024a62638da3797dff50c61f497522ea5,,True,58,0.0857307249712313,Tests_passed,43d258aac2a322087e11cd359c1a5cf0bf490c472a90b1cc8a5a648a4d4ece7a,True,0.0857307249712313,Tests_passed,f932298da5e4085ccd3342aefe1dc62ca954f60d613a02e5cd5e783860f2763d,True,True
