idx,branch_name,merge,left,right,notes,diff_contains_java_file,diff_size,left parent test coverage,left parent test result,left_tree_fingerprint,parents pass,right parent test coverage,right parent test result,right_tree_fingerprint,sampled for testing,test merge
1,refs/heads/master,9f0dcc7bc42a27c4d3df9aa44aab5443c99efd08,c524589132d1b74f9ee5b66c6d48c8a17dd5e8ac,609e77cbce645a8062daa90feb03684658ec56be,,True,13,0.11067193675889328,Tests_passed,97a941b353fb95b94209ce97a0025501a23054dce4a63f505b73675449bf6cfe,True,0.16821247892074198,Tests_passed,9c7d488a558b4f6d316e80d741be044299e37481518ef43539495618478f2b71,True,True
2,refs/heads/master,62002dcc8e49fdb46945159f4a7e02f5da32ca1f,0466a8083b895c10fef6261066afbbd93ff786e3,fecdfad870b10336ae2627eb81e8e3c8f03df412,,False,253,,,,,,,,False,False
3,refs/heads/master,dc28de7c4f74fd19b0303c45ac5a0c55f9dca09b,9ada2f9d42928d9e7c128b5ecf083365a25b4b70,4d3fb553d258c89f341c4e40e5d6c89c7f66dab0,,True,256,0.0,Tests_failed,ce39309ed42699bd91ab2411b152444d3f6dc68075db136a97f0a9c72b9564ef,False,0.0,Tests_failed,b6946df25b245901c61cc9eb5579f6df1c73abc5967adbcea1e15cd9d411106c,False,False
4,refs/heads/master,8f131a934ab8eee2eb929cab8bd7403d71fc0c77,abfc1dc7abb791d57f8b2cbeb0ff8affb014aca8,02c4e75e24009028a3fc7d3bfc981e81875c0f9e,,True,81,0.0,Tests_failed,819e6c6a2aa750b7837c22222036964308473dd2790b3b7d2ab8deb31744ddf1,False,0.0,Tests_failed,21ccc1b3f8aeb5346a9c41dce4123fce5457505429b8b0b918fcde18d3d9014d,False,False
5,refs/heads/master,cb747ec982f993bd2637549e969ce7e74f677309,0447bb3dc3bd5b414c6ac5a78bac589c3b3c52f1,cc6e89b2e29a2ccc8720b8160f33b9a0e837fa49,,False,2,,,,,,,,False,False
