idx,branch_name,merge,left,right,notes,left_tree_fingerprint,left parent test result,left parent test coverage,right_tree_fingerprint,right parent test result,right parent test coverage,parents pass,diff contains java file,test merge,sampled for testing
1,refs/heads/master,23625503050ca77c302d394569eabb45566fb6c7,60d519eaac4856c1dc93b02166e04253a6712fa8,15ae65c2d358c6d4c5fedaf72eb6e20464c55c00,,c1d044952a64a6f6639f150f0d4b47f3eec8e16cee98d39eec1979ded8830d7c,Tests_passed,0.00045155463811121145,32f5bdc0635ea6c6d35809274db14c375fb2f163d5ef5cbe7c86c4ac25a3e90d,Tests_failed,0.0,False,True,False,False
3,refs/heads/master,bf4114adcb0e0440727825b4bb5f7cee58599518,a341093c393f76e833402a51f6f30d3fe51fed01,8e902b1156b8ff6ec1111a527e549ad876e85662,,2973290ac33a414e854f064eef0debdc7898d91f60db651c995cc61362d746d7,Tests_failed,0.0,c1d044952a64a6f6639f150f0d4b47f3eec8e16cee98d39eec1979ded8830d7c,Tests_passed,0.00045155463811121145,False,True,False,False
4,refs/heads/master,a341093c393f76e833402a51f6f30d3fe51fed01,c2f6604efa5207d8228b25ad977c89ff5081dc1d,b6eddf6d7cd796e2ec0de1347da92bf7ce176b88,,7debd03449de637a189d91ab49313de70039d24731723ea1d4955c97e8890d5b,Tests_passed,0.0004602235371466141,2973290ac33a414e854f064eef0debdc7898d91f60db651c995cc61362d746d7,Tests_failed,0.0,False,True,False,False
7,refs/heads/master,75e81896dd0b394262f22eec70e0529e0662d846,fec6cb1092e1d51583d170b592b2cf03c9b8b7ba,b6c722e97f6498f46fab177473d71d58c7140cf8,,7a91767b890e2a7efaeb29ee5ed253bbe3e87cc12ecfb6e27f25dec8cba258f9,Tests_passed,0.0004772618804118088,961c0bdc1fa9769f08829582458bdab0c89397dfceac25015a86f5f0e0f0de1b,Tests_passed,0.0004770017035775128,True,True,True,True
10,refs/heads/master,94286559181db4d3b19d0d0d814a28efe3e1d783,f7894cf76d0b1aa1f1066187a6b2213b3630e338,ae607d6bcb18f27ddfa008da90d4de8aae5c57da,,68372ceb2273588a76f20363acefb67058292d041bab067a32be34a01cc47197,Tests_passed,0.00048753308260203373,a068a97a3867cd212869da1291a42fe75e14bc6ab07c450f558ac3baa9c7fabc,Tests_passed,0.0,True,True,True,True
11,refs/heads/master,ae607d6bcb18f27ddfa008da90d4de8aae5c57da,69ae4e973f0ce835c565e82169590057b61011b0,30e1d2348be73727ab5fbadcdf30cae2dfa0ea01,,0994b141f62779c27a58e401d1bd58ce4ea5ed37ab494ec3a7e2ff54a9a1bbdb,Tests_passed,0.0,fbcdf677c67488704b658245dae7918cdd8e89e58056a8ceef07d5dffd8aa780,Tests_passed,0.0,True,True,True,True
