idx,branch_name,merge,left,right,notes,diff_contains_java_file,diff_size,left parent test coverage,left parent test result,left_tree_fingerprint,parents pass,right parent test coverage,right parent test result,right_tree_fingerprint,sampled for testing,test merge
1,refs/heads/master,a4d88dbc0a77c81141edeafaef655654dffb5485,37d36894e20d07f546aad263179b01b2ae50a16f,4fee328d54198febcb17531de41db5e32f6c1ea3,,False,12,0.6631762652705061,Tests_passed,9836f5626fc4965485d669994faf2367fca40c7fe74a7213b420b9e181fe995e,True,0.6631762652705061,Tests_passed,39d95f3a5a553af802f05c2bae9f3dcd4a937837b632330dfcc1397c3889ce8e,False,False
2,refs/heads/master,1917a1d2074ab0a8c8493bcb0ba774611bf343df,e68929527354199961e32af03e9206d0ae08bf3e,c6d19ac8b6fa6011b61c3b9598ceebfd2bd649af,,False,16,0.6783013379872018,Tests_passed,d825ff8d106a155285358b73d609e8d9fa3147284b32a5e533e74635e17cbb6c,True,0.6631762652705061,Tests_passed,6f4e5570d75321b1cf955d3d491e77d5725338cedf2ebccce162b746085d725e,False,False
3,refs/heads/master,c76b34a829df59ca1ec272d67303565807ab0894,52ece5c310c98d7c8123826cf63321af9aa04ed3,ec5e410e2b50eefef0ba72d99fa6da28168cc7a7,,True,218,0.0,Tests_failed,3f99fe43e8feb3ac211fc798625f11523c99ff8af7535ee64ac153069d343db5,False,0.0,Tests_failed,b2decd6e40a50948b14364bf66657c0d979c2916c9df0aa4e093e28f829ad188,False,False
7,refs/heads/master,0fba75b893bac94c72a08aa25f08f3a29b66f8bc,7af7ededeb93adf59ef2728c8eecc09064b83984,b8114ee62514a6f39b64ff059d04b833fc9f1014,,True,17,0.0,Tests_failed,76f9e5b57f173f0e0e835a8cd03e2617bbe2514630b69412638b12828204d086,False,0.0,Tests_failed,c5f44b66181ef761ed43c83dfe8a8b5de0dd94505698e12c2801e5ab8ef3e634,False,False
