idx,branch_name,merge,left,right,notes,left_tree_fingerprint,left parent test result,left parent test coverage,right_tree_fingerprint,right parent test result,right parent test coverage,parents pass,diff contains java file,test merge,sampled for testing
2,refs/heads/master,34f9e14b37b92a2e241c7f1b845a2f13b149a245,35c0766b1ceb43c085a70dab6b9d9b9a9a76fc3a,8a4e1ce738c73cb77c09d6e3e4b9113bae1512e7,,,,,,,,,False,False,False
6,refs/heads/master,dc613c8a38a555d37322a430ea566270377bcded,95850a901ca06c5ce588df75ff9df98361055b07,46a0e29e15dca0f7cc72ecf2511e559ed7c85818,,d4170af46adaa1ff8ee1b37d78c666eb1e48d28973c14e0a8efcceb5c6b491d3,Tests_passed,0.10685316288801629,7de7dfd9064833cd18613a91f5ad7519345608dd44658b5ebfe17d9cd8eb0cce,Tests_passed,0.1069819496656814,True,True,True,True
7,refs/remotes/origin/2.3.x,8f57827735725ebf7de58eb4c54951ef902d7b8d,1d661dfdbd0229a8376a8e816a1c72eb2a3e61b7,9cf0b6e3576bb8beb1897285fc67db40bc638669,,adc1db0cc03f2f784919bc3b62d7f486c74ae5e536a7032d901d2784972263be,Tests_passed,0.32919429942147593,dac951c9e653dd4f49c895b38ef85e8080a9308780a04f78a425239dfdb9b38d,Tests_passed,0.32959160649819497,True,True,True,True
8,refs/remotes/origin/2.3.x,1d661dfdbd0229a8376a8e816a1c72eb2a3e61b7,057f845af740003af7cfb5db8096b296633b5c83,a15302569c8d9a8d9f3d277397966c629640a738,,46b8a7f783dc1032ebe4d824beb3534084dab8c8e35fa66846d35a2d68b43d92,Tests_failed,0.0,07ce9fcc01fc057e05f18c5af4a51c112fe77cc445b002363a892024313cad22,Tests_passed,0.32919429942147593,False,True,False,False
