idx,branch_name,merge,left,right,notes,left_tree_fingerprint,left parent test result,left parent test coverage,right_tree_fingerprint,right parent test result,right parent test coverage,parents pass,diff contains java file,test merge,sampled for testing
1,refs/heads/master,d316a395839f2cbdb50ded3b0b89254f2342dd4a,09bc2e65f495d1fc92b5e1f0eade65fe7e21c6be,d5d4daf7a2b342b23b8fcc0808aa677cf8012540,,,,,,,,,False,False,False
2,refs/heads/master,09bc2e65f495d1fc92b5e1f0eade65fe7e21c6be,d1a247053499ee61cf3f8b384698484da77943a8,81d6cf09a8d0953e422ade9cde1eca67a7764332,,a6a4f3f8f2c482fd70d0bd2943e8ebcd3d01adc4349b51fb2cc73ff5cec788ec,Tests_passed,0.16863818555088475,46653af9d3e520e565241cd5d6bec655f43128fd12aab0fa4abc4e080ed0cc68,Tests_passed,0.17177853017327227,True,True,True,True
3,refs/heads/master,da5b262f8d79e0e83c98c9f2849631fe706f79dc,2c643a8a7e60b79945975d18b4bb169754180b73,0b591fa67e9413912c62af6e3d9bd26cfcd9956c,,36a3bdbe0ef2ac6365651e3d76095651a2994881561499aa59dec697ea22ca7f,Tests_passed,0.11331787478576469,7eb7b677673cbf1c8a1c5698365d07c7f598c1ae5254c75fd4fc55cf35e5d8a0,Tests_passed,0.16863818555088475,True,True,True,True
5,refs/heads/master,133a126e825aa5ef0ab907e31f551555d026e23d,e7cd77aedea03826dc1de022a1efa2fd06e52b78,3aca4f6d747105cba51b82fc463bcbb3ca659428,,,,,,,,,False,False,False
6,refs/heads/master,e7cd77aedea03826dc1de022a1efa2fd06e52b78,d6e986d1e1e4a5cf8bfc30c1f873216d09663b06,3a4b574501790af4fd130dc2bef4053bcb54f1f7,,ce45fbd27ec5e0a06c4a7424a35aea6ce0772af8ce8999ece35955211202ca1e,Tests_failed,0.0,3e782722b6c1bcc3fb37364a2ab6a7aec1dad74a64fa156df9374fa85911fea0,Tests_failed,0.0,False,True,False,False
7,refs/heads/master,d6e986d1e1e4a5cf8bfc30c1f873216d09663b06,45daa15beb404f3b9d6612b76fd68cd01ee02fea,d0fd1bc7565d9667c156ecac386380e8acea619c,,b64b108f0947886ab33eb7f36b874480bcac92a84ab09419a914469bcb82929f,Tests_failed,0.0,ce45fbd27ec5e0a06c4a7424a35aea6ce0772af8ce8999ece35955211202ca1e,Tests_failed,0.0,False,True,False,False
