idx,branch_name,merge,left,right,notes,left_tree_fingerprint,left parent test result,left parent test coverage,right_tree_fingerprint,right parent test result,right parent test coverage,parents pass,diff contains java file,test merge,sampled for testing
1,refs/heads/master,16dfb1c2994c23c8a2ff744588b15fb41cbf1525,be8ebe84b71135dd3b2d5798e3fefe3d0a093906,74e2ff32a2553663fea630daec10d86af1909a3b,,2ad62bf86b1edfe362e58c9725860b9c8e3725196f31dea8aee215ebb9d8544d,Tests_passed,0.0,b74778dc671dee90dfd79762810dba5adbc71204163e58ab54ff6dd26653cb6d,Tests_passed,0.0,True,True,True,True
2,refs/heads/master,5d3cd589daaa993a7e063e5780fb51ee2f29836e,d7c6eb29c19cdceb6a66736dd08d9c8003791a02,94d060fccf0ed116e4cf2a9a43f17b0fc77ba91f,,0fb80d163ca66a5a1f2965299877f74b475fd8bddaa4d74ac0fbff445fb41ff8,Tests_passed,0.0,62e6bd69b59f93fe32839d87a16afdba4515dee295d2d6da82e01125ad7eb536,Tests_passed,0.0,True,True,True,True
3,refs/heads/master,b8f0af078a5b97a2246b43e9c731aa92260e5d09,d24061922b73c54ee03218525564bb26851870b0,042ff7a98fc5088b8f95fbe43ee4b2a89fa1a9d6,,,,,,,,,False,False,False
4,refs/heads/master,465c0c1649ad7d3d31c4b578697c982455402724,64999a50967b284f55ad2c1d0f4aa348107f07de,a83da968b92a728f4594d986d824be04aee3e56e,,,,,,,,,False,False,False
5,refs/heads/master,b6afa37b51b204ca806436744340071dc496cbd1,a337dc69c2999075fc7af1bbb05d3fa64688d39a,445926d934baf58e0b39d2cdb44dbf126aa61401,,d4087bb4df528e11d707cf20c36d46139d1b3e8bced470c4ad268ce9d23ccd1c,Tests_passed,0.5717849223946785,cf9c17a562a48d1e9d1fae4c42667417d530a3fccb65dc59db02d48a6ecd413f,Tests_passed,0.5279933481152993,True,True,True,True
6,refs/heads/master,a9b959cbfe80dd2a9c3643983eaa6683f41235d8,d761eb7dac8dd72bca5dd5f13ca9b0c1daa85369,a2891d403cdd118ff6746cc802b73d7c6c868ed3,,,,,,,,,False,False,False
7,refs/heads/master,247a575648653322c2ee83786b5a4db4c9ca8513,fa6108b34795dafdfb7ef0b1a8c24d49782a6614,d391d58c7b54a2a2f23b7b36380b76cf776cdfe3,,7e62f9ed61e30f79eb1e3283cc0ab5479749422858fd8828db574c69509b5206,Tests_failed,0.0,bb0cf39aaceb7497787f01437da66c7db7f1e9749cf57f140d4e40951a144b42,Tests_failed,0.0,False,True,False,False
9,refs/heads/master,4b79e0d83af5d8bd778fb75584fc47fd9b0994a3,18d22a01d5845ebd369f88e8914f2371520c97d3,a06ecbcc2a2cd985ad76f5ddbbc385acceb82492,,eb2e47dd318a234d4282ea9298d7b639b4e5c92f1fc809d2424a2f241953a20a,Tests_failed,0.0,7b4f52780fec2e103f8af542349f407c7e31dba64375beb96e3dfdeb62349f61,Tests_failed,0.0,False,True,False,False
