idx,branch_name,merge,left,right,notes,diff_contains_java_file,diff_size,left parent test coverage,left parent test result,left_tree_fingerprint,parents pass,right parent test coverage,right parent test result,right_tree_fingerprint,sampled for testing,test merge
1,refs/heads/master,4ea5f2f00f902fecb500cee89b6b27d85fc31465,c836ae7cc71fb6537cbf554a2c3d9b63d0b8eb01,6dff45dcab7f245e7f5b9d64e24764dff0511d0d,,False,3,0.8421883219358233,Tests_passed,15698c755d3f9d42aead944262e81bdcb0480eaecdd80b31f2692f58e4b15bff,True,0.8421883219358233,Tests_passed,8f1f739c4bc22821ac0685f9dc448289566646eb199f0cef92f7b304aa304cf2,False,False
2,refs/heads/master,87c6439db56b1df7783b7c43d7aef0620e6f0eeb,dc8011ac9c68ab3521e9fa4b05d9d9886e5cfa7a,ba516c93c24e5efb8017e884ccafba1a798b9b22,,False,4,0.8421883219358233,Tests_passed,92ac28cafcc6f5d01970aa6c49f86c7878034a94ce4240b21b2f17c9a169f4da,True,0.8421883219358233,Tests_passed,0e752e20263d1a46092aed6bf2808338175c546d1e5602340bfe71d04e03207c,False,False
3,refs/heads/master,28fff2aa133173bd0e8a1e16a735d4e6833223ea,5023d03aeaba354f4230b18d93c191ba213a0e54,8c9633c17808bc7e5ed41d9c48681c334b71e7ad,,False,11,0.8410174880763116,Tests_passed,3b406b37faa399be49b7d47564aa54d01530385e71e947dcee81b1ca6fad3bb9,True,0.8412698412698413,Tests_passed,83ce4fd2bd96f1a70a2f33d0f4026df7ee5d620f4d2f4c96b638c8a7d8dfa699,False,False
