idx,branch_name,merge,left,right,notes,diff_contains_java_file,diff_size,left parent test coverage,left parent test result,left_tree_fingerprint,parents pass,right parent test coverage,right parent test result,right_tree_fingerprint,sampled for testing,test merge
1,refs/heads/master,a64f974e8d33134ba7f1b5e2450dfcdf9e764731,0690e9cfb6695662bfa7971480c5787864adb3cf,c9832d266ab93c8270c0a775404cd92b8cf73e18,,True,227,0.07452251303732706,Tests_passed,fac7f7c2141bfb63e58ce4f40f70e6525014f603c7ee68ce29aa925661097cfb,True,0.06673050664113067,Tests_passed,13e2792f96dbadec538ca821da28f9f954ee1993bdbfb6e08d2eee7229d68edf,True,True
3,refs/heads/master,56043c9a19255fa4e0b2a627d017150522ca7a0a,e6376138b6b62cefee69c10d5ed5313b2ae159aa,617638c8089378aa1d8f6d7b566d53c7df2da67f,,True,203,0.07134475863094747,Tests_passed,75562f8ca881af212a3c2b8272e1540000b76ac133d8b66ee53e099366b9c659,True,0.06674944567627494,Tests_passed,73cff67cc3612f4d9fb9065467d93940a5438fd0a3f2a879ffb02e6ca5d1479f,True,True
4,refs/heads/master,617638c8089378aa1d8f6d7b566d53c7df2da67f,98e189f70003dcfa79b9d388f5d1a95508f7a60b,95421a6d7841e89bb879dbf281fb3ce451e70dcc,,False,4,,,,,,,,False,False
6,refs/heads/master,fb62a73ffba231f05531f16c4b723ce487f5ef6f,1c18cea7148a79611ad9c5d2cdd96d3784f62b55,37b149937685b35d6c525afbca5c8c45bd3e3deb,,True,1386,0.0,Tests_failed,9d3e38482a4c6812763726a2873be3afcd1ad6a004a7cfb049426257af987c76,False,0.0,Tests_failed,5870cccfd0a9edb617eff5d7ca886f5182f40cd3ceadadb1810a9c1e9413fa80,False,False
7,refs/heads/master,40cf23013dba22c6fb9af523f59036fff29f9e00,3c3a83bac008d48926302e6a58c3eb0fa381bde2,e7d8ccf77f4c675332131ab70c0ce1b4f9b0f326,,False,205,,,,,,,,False,False
8,refs/heads/master,4aeaf5f1658f46b68da90ec4a9600ac7cccc5dc3,9ff25970fe2bf3f0a1b3ad746f462ed7ed4add4a,d2493815e609062271a59443c22f24abb95c0fcc,,False,53,,,,,,,,False,False
9,refs/heads/master,396886272a60f4a5ad21a5277071f7bc9c3247b1,2d4530ed4fa4f1cf86235595759720d5d622cae2,80a2b66a68c0b2db255627804c09df2b6b2dc22b,,True,245,0.02345577996928068,Tests_passed,8a454a568877358759ef2518cb37ec43f98201237d361d1c3f8a6b8cad7d3ebe,True,0.023526207133845626,Tests_passed,b514b73a6975a3555888f4aa0d75b7dfa756977661338170db254a526d6efbde,True,True
10,refs/heads/master,a53ddfccfc26e5ab015e3009958f8f38fb7a0282,bfa8f878feed6f8bb376723f401b5f1f8b9a909f,c37e79911b501da2c8b1ab16279c5d954ae0c2d4,,False,3,,,,,,,,False,False
