idx,branch_name,merge,left,right,notes,diff_contains_java_file,diff_size,left parent test coverage,left parent test result,left_tree_fingerprint,parents pass,right parent test coverage,right parent test result,right_tree_fingerprint,sampled for testing,test merge
5,refs/heads/master,a7953193ae2e296565ecee2809830b5abb3a3bb7,0b2b3049ac1f80ac94d49f7a449af8281ad462c2,9ec92abc876cc468ba6f972ee9d3bb7469a5b1cd,,True,249,0.7446546052631579,Tests_passed,729c70a5cce401e65730c1a776367d40596d97439f28693e55cf802a8fe0b37b,True,0.7262068965517241,Tests_passed,dab5f506370335878353bba304d83b48b05cccb3b206ff36072c9a5cc6d154f9,True,True
7,refs/heads/master,abb6b1b0d7e0360b8556ed8cc32928338ab0a1c4,cd80c00782287d9023ebce04e8c1b85a78dec293,48a9bd9e98631d1f2fb419a37c49ecc76cf5cb2a,,True,27,0.8920454545454546,Tests_passed,328f8bb60dba6468af9b922eaecb9255641310204260f6cdd231a54a775e55c9,True,0.8920454545454546,Tests_passed,b53c6c4b398888be402717ee78d1d155decb05490a636f7bb93974300224e83a,True,True
