idx,branch_name,merge,left,right,notes,sampled for testing,left_tree_fingerprint,right_tree_fingerprint,diff_size,diff_contains_java_file,left parent test result,left parent test coverage,right parent test result,right parent test coverage,parents pass,test merge
5,refs/heads/develop,5fc0dfcec7bd3edf77d882ab151c45a16a9c684f,71ceedd122bcff59533973a24d956d179f4c2440,7d7c21c0f0422d9f577e5e0248d0ea3d8819fd2b,,False,,,45,False,,,,,,False
8,refs/heads/develop,4d9d1394eac646279ca504c59e40002b33e5b0ef,90cb3a70117a565020f90db5bd829ab173bf4be3,388414c24c190092073f03e570adf5b731a0e0e0,,True,b774ed77d0b6fb61eedfbf2ab2178dfbf5cc620cb42b5e094bfda5eb191df840,8c7df00f942f07bac94bebd688ff5555aed05d568c7b52bc76b410f5f6835702,105,True,Tests_passed,0.0943946188340807,Tests_passed,0.0922638614946307,True,True
10,refs/heads/develop,a8c5b70161759666404011307c4ba0b185fb6dbf,96478cb89ab95d70c602b516055acd75d4b8b36f,3ce5c660e887ae3f38291e6da589f737e8485089,,False,dd0e4138b35a416211894b89987bde7fcbce3fd02ffc134144153aa94e88207a,3ba9f910fa09844d77d2dfbd804f541700c58797bbf3fe38b170f58b003cc34c,221,True,Tests_failed,0.0,Tests_passed,0.0990355210538696,False,False
14,refs/heads/develop,6d312e5f11f128beb9e61e68de2924c370d7ac36,4ddf020dee825bf272082888c42223953ad034d5,c257ddd90ee2d55729cb264d6e46d3501b654971,,False,7ced2e236f0c8eaa7b7381e4a8f2ff5f1c2d80b4289388b1920a155c7a6498ca,490f56920ac6c6f69bb84ba05f8be1811bcb9bc2fec7eaa4502913afefabddf9,59,True,Tests_failed,0.0,Tests_failed,0.0,False,False
15,refs/heads/develop,2141a163c239744e0c483a756e93a6072ca2eb20,200c7843dc65bbf255d9e39387d803a66e6e2535,95cc79b65509340854ec7ecf6993a6eb7382c939,,False,0b7121703d5b5aa9e4536654d93cfec122575a57fd2e66969ad374c20015b495,22a43790f7daa3e3f9c719c633e4ea3f442f1edd4a29264cd34d7a2e60e6753e,180,True,Tests_failed,0.0,Tests_failed,0.0,False,False
