idx,branch_name,merge,left,right,notes,left_tree_fingerprint,left parent test result,left parent test coverage,right_tree_fingerprint,right parent test result,right parent test coverage,parents pass,diff contains java file,test merge,sampled for testing
4,refs/heads/master,089103730d98af67a3c247b0fe6a93323b2ec056,7cad5c30997d43a2767c2ffb4b7b130e7f2456cf,abaed845052445f66f46f079b746ab24d801d172,,332854e30b0c9c2d3e20d9e5bcceae16157f29733b4f73362553eadd84933d97,Tests_passed,1.0,40da00fef945d5eabe992438c93b517cbdccfae8586c63a8c160c1198642c5fa,Tests_failed,0.0,False,True,False,False
5,refs/heads/master,ac51162f9575590e31642ed86ba26f980b305850,b848fc39059a6f2226eb584bcef4ddfebc83a832,1adf7b45c6a0a861836a6add4f40b9795dde0cc2,,97051683b7e0cc56658b0b9dc3b017b7dab412dc9f2615ec484a737fd0563537,Tests_passed,1.0,c0eed14d0233bcd2e736311698a15dc371bd4b99543327ee190bfae41ab3b98e,Tests_failed,0.0,False,True,False,False
7,refs/heads/master,6933627e1cd7e254c4c47118153bc184f3c62b71,edeba251735db2c641ea3017303b800c1af521a8,4d69670a5d5324af44977ffe2d0cee0baadc634b,,9d5e586b039431c3abcfe21737db33ba6d5788ecba9b4b0d7794b05a8d971af3,Tests_passed,1.0,7d7ddb9cf8dc599fed4edfe8badc81c45c550612dc2d753ace2f4aa1db60fdc6,Tests_passed,0.8282208588957055,True,True,True,True
8,refs/remotes/origin/patch-1,a7f54cf29cdd550a29fe2f0b1548776e0ee5a95f,c4b445e7612d3ef34f7278c940cf5948d6882301,749d88c3e3e46241adcfd099e634676c2c1acbfd,,ff2f4d91624e8a83522e177c4d046ef9684ceccf7b24cc46b4a27ce19017ca29,Tests_failed,0.0,7f796265d4f5240f60d746e472ad8e59af39327ec161157bfb03fa181c008a6a,Tests_failed,0.0,False,True,False,False
9,refs/remotes/origin/pull/16,ea27e9184ffebea7e0d8858b3a059211f60a761e,91094df86b197662beba36f54e95396c19cc731a,b3316315c8de5c18dcde2710a11d333fbe098a1e,,6ae3c8fd27e8836b28c1c1fbe375adf3c52b5d918c65c245139f274a4e9277b4,Tests_failed,0.0,c947034f83a941eb6facc2b6bc9101ca25d4c2aa67e4bf623b7f23c22a3b4ed5,Tests_passed,0.9899193548387096,False,True,False,False
