idx,branch_name,merge,left,right,notes,left_tree_fingerprint,left parent test result,left parent test coverage,right_tree_fingerprint,right parent test result,right parent test coverage,parents pass,diff contains java file,test merge,sampled for testing
1,refs/heads/master,7964e1bb36e01de235c72bc23e8125f167cf3b4a,70060a44228f77f058758df69596ab0d4bfc28db,15683eda2a3185b9c7ad357f468755b0c4d11a86,,1b85bf73b8990594c5a3a1c5bccd9ca7c25409900c826eb0d62f10bf6da2cd79,Tests_passed,0.2576987501610617,ef7dec1ed35c3ebf611b7611a0d04640e37378951320d3ad991eb956de35ad4c,Tests_passed,0.2923592320577245,True,True,True,True
2,refs/heads/master,70060a44228f77f058758df69596ab0d4bfc28db,6695c10ee760baa600c2f5c9af68d47c7d917499,12f9be31f83c344a08f9a6cb3abececcb36d7ac0,,,,,,,,,False,False,False
3,refs/remotes/origin/new-style,ca48a23f4bc9ba6e23057d3615272938e61eb670,564a3ce90f61dcb10c46c4553e68e6221f516248,2206d677247431280a262ccbdfc9d3f4b2e4065a,,467a2fbf1959be604c388e7cebadbad43fdc77005247cc7d2be077c506c5a757,Tests_passed,0.22558087074216107,c43917a5a447a89393e014c98848fe09f50a3bd0bc22f2103a0977dd936a4872,Tests_passed,0.2923592320577245,True,True,True,True
