idx,branch_name,merge,left,right,notes,left_tree_fingerprint,left parent test result,left parent test coverage,right_tree_fingerprint,right parent test result,right parent test coverage,parents pass,diff contains java file,test merge,sampled for testing
7,refs/heads/master,c34a78c1eb418037555a56768221829d405a89af,7e42dbafe0856b4e29cf2fba5cfe8e52cd028297,57696f483dca2b54bc4f233a7d6511512b9ac557,,,,,,,,,False,False,False
12,refs/heads/master,62ddf4cf8c6f1eb323ad0788bd822e31c7ea741d,738479b221204bd234ce115fea3eeb7271b9977c,7579596c921798553c4f7d1821d6ea9b831c5f9e,,f4fd370804ae1c609e84668fea3e0996a339f7caec87ad80b6d268ca8d620658,Tests_passed,0.8087105038428694,304318ad8458c5ddbf1bf91c93f4f63dc70e60e1ec677cf5146813464733ca07,Tests_passed,0.8186484174508126,True,True,True,True
14,refs/heads/master,772f3c23f1dbfdc356aba84dd8108374f210f04f,7e7b9c257092f8c0ed7ee756c1facff80e8721da,86b64e82d2bc1e2ac009326132cf3ff59c3a3685,,,,,,,,,False,False,False
16,refs/remotes/origin/pull/8,f65bd6474f2967456a3252a3f3b26319192b0e4e,759a387c140fc31c9ac3b7da95e44ab5f6a3c8e5,cf706bc2d979fc6e17b33602571dafad9a4b9eca,,b41491e73120de2224a304859acaf1148f3ab546f193df784e5f9f79da594f0c,Tests_passed,0.8461538461538461,f47c3b5c8b66f1d98b62b01f4b05d6b4bd1b6b23973b996bcf8e6c017cae21d7,Tests_failed,0.0,False,True,False,False
