idx,branch_name,merge,left,right,notes,left_tree_fingerprint,left parent test result,left parent test coverage,right_tree_fingerprint,right parent test result,right parent test coverage,parents pass,diff contains java file,test merge,sampled for testing
10,refs/heads/master,e156206e6836e3cdcfeb93bab11cd2c71df3f212,5b695c3f421611efa552f5cbccff3837409d8a9d,18d68a2efb897dd47fe9f0a60475f96a684a1ea9,,d0789feb8bf9fdd231ad3908101c80c9c79381a439402adf9f319feddafc2c12,Tests_passed,0.2621548035783742,fccb9b54c3095512c0415116dacf10981a67c08c72777f4993581e8a3080daba,Tests_passed,0.27693504472967717,True,True,True,True
15,refs/heads/master,a5410913238b98075ff458f62f166fb2823b640b,ef7af31365823218849db7fe113c429f73927ff8,9e9c6196078a775954df2ea06cd984199eacde17,,e7c34cee1fa8046c6be2d1e540db86254b026fb65250c775c066ace8c9e6fd09,Tests_failed,0.0,7758e1eb211e8daf19f0a9b7f7ebc470c5760539e8dca16317ec91fff2518551,Tests_passed,0.21122661122661124,False,True,False,False
17,refs/heads/master,1218fa3003dd25e7cc11dd303b7f180ff6568db6,8f56bce657cc14e45f3669e28f4dfe17e962759f,5212941b8d2a090297f78a4597af40100327ca5c,,2d8c5ae9cf4a8cb00e4f4559c52d62415eca90241737383487b70d835fef45b3,Tests_failed,0.0,3671eb528ac4e221dfa6ccbb76e58dae7e29f213d4a23494614aa15598a19d2b,Tests_failed,0.0,False,True,False,False
18,refs/remotes/origin/pull/24,c0d353bdf57ea4b9ad8bb327e09db902cc0b35b6,42aa0b217f4e11149a9d2704b0de4bc2b8e7d6ee,e74fc59ead4708132e9eb0e7449679e4ad9fcb45,,b7e2d561cad57b45f34e857ee46f40b530d6f135b7c609a5734d55a1a8aee870,Tests_passed,0.5864386072083079,bc8928acc18827393f007240aab5ce8dfb49cf41f38a43003398055eb5263168,Tests_passed,0.513,True,True,True,True
