idx,branch_name,merge,left,right,notes,diff_contains_java_file,diff_size,left parent test coverage,left parent test result,left_tree_fingerprint,parents pass,right parent test coverage,right parent test result,right_tree_fingerprint,test merge,sampled for testing
1,refs/heads/master,960a333ed32f6eccbdbf971d849562ac8ce9a805,063a6a1eabea11b159bc7d0eab1b7c2c614fe340,34a5b5628398dc7a2479490a9f6b19a28275237e,,False,155,0.7685250529287226,Tests_passed,9885d642ca3065f9a81e28f5fded08c571812f314d8155fa3adf5ef1f1a0bdc9,True,0.7680749513876614,Tests_passed,acd316f0411c3e535587d9929e62dad163b7d9fbdecc24a174e7d7c5baf129c6,False,False
3,refs/heads/master,675fe8c501afdb376b10b9648551f59770ceae2c,ae40ec33c16211615b412749404e153fc553331f,7d55c8949ee45b36774172eca019378947c7d38c,,False,59,0.7753311851056212,Tests_passed,1821d52c7dea331a1c7fe93c022483d7c4a64717ee005b0595f3ba5b33fce6b8,True,0.7763087368232982,Tests_passed,0165ff73d731103c83afd517776b4f29b2b9a1693fe677585805d335d8a8e892,False,False
