idx,branch_name,merge,left,right,notes,diff_contains_java_file,diff_size,left parent test coverage,left parent test result,left_tree_fingerprint,parents pass,right parent test coverage,right parent test result,right_tree_fingerprint,test merge
1,refs/heads/master,e5cb4be446e80917db4dc6b14e54956113ffbaf1,19c7c64f1abba748e7bf1550699d6590e929ee79,1967f3ee94dd44f7755ed6d792be98d367763f14,,False,8,0.0,Tests_failed,f7377def1174bb5fa492683677e89883bb2d8a2049f3f100589b6de32fb4237c,False,0.7346361185983827,Tests_passed,8de3087139b862ffa26440d55eb6870b31628674e260c170c9eb1860a5940161,False
2,refs/heads/master,38cfa3e2e8f6e78f48ee6db6194dd173a21398a7,787c332f33b5aef38a3f6469539789db88dcbe67,e5ec4d941eac35c606767c69593106731352622c,,False,3,0.7353298259813841,Tests_passed,dd38aa0d28178395dc86494b6f98feddb1a91e649bd9e26edc0eabeb9715a00c,False,0.0,Tests_failed,b54dc9ab94752aafca381d1bb7b46e8e0a2d9f9df1eb43b1e48c91baf1a85b1c,False
5,refs/heads/master,57fc381d56ea69babee550517195876b8ae6ed9b,a918699460ee004e4ec3350bbbbc01f5605b6a96,9488327583c83bb0981f15bff67b629bbbd74b98,,True,252,0.7417275461968199,Tests_passed,64acc742dd52cc1b2d995d28f1b93809c637476c360bb1a576b72088858f898d,True,0.8244206773618539,Tests_passed,c04285dfc38bd59c21e930828d80b7d6c23a5c3e7540ba08e5bf775e4fa5b9cc,True
