idx,branch_name,merge,left,right,notes,sampled for testing,left_tree_fingerprint,right_tree_fingerprint,diff_size,diff_contains_java_file,left parent test result,left parent test coverage,right parent test result,right parent test coverage,parents pass,test merge
1,refs/heads/master,f1bd8438fed180fac83ecb4480aacc8763ca2c79,cdbfadd6b9bc19e06f1d304d43fbbccc229466a9,6200f1c716ddd1ae6c3d789fe861bd7db650ab3a,,True,ebc1e4006621983ab24fe35f273ba15839714309f14f874a2ed5446c4ea7cb9a,f714438fd07bfc44c3ad825546d97561c8477a89426bcd3a31607b5d97c4d919,12,True,Tests_passed,0.7595915841584159,Tests_passed,0.737625754527163,True,True
7,refs/heads/master,6e7f59e18ad23ba8fb3ebca078e757f294111d90,516e7a37e8c272c0ac567ed3e0d7b68852ff67d1,a749bf18d6ad90f3fe500efa625b18ea0a80bdfd,,False,,,5,False,,,,,,False
11,refs/heads/master,ff456e7c76492d18365d437cacf68bae46d74a5e,bf516c2423ba8f86081f10ff41229decbe0369c1,41c67e40d562c9ddf68f87ffe92b45586eb8c629,,False,,,76,False,,,,,,False
17,refs/heads/master,709b48f4ecc9d0f9ca238544496369014595a27f,ac151b38ee1bcdfbea2f987a053f17f786e56eab,d88cde66f87b9499594d874fa3f7be1ac0f8383e,,False,,,116,False,,,,,,False
20,refs/remotes/origin/pull/48,c9fa1d7db54585f0ff04d0ac83c8c9bdc97e82b9,7b7a55cdea74a87a488dbe9b647416c98d7342fb,aa4890bb2ba202ec4d273ea0f34d6bf9645bcdc3,,False,,,21,False,,,,,,False
21,refs/remotes/origin/pull/58,c5c27863ff19220d601fc5d14a5950e0128ad743,16a8dbcc97d4042c1bc8aadea62790332cc8eadd,646f440ce1b970cd67f83addc69988ef74bce78d,,False,99454c454cb2cacef081d2764004d416290905c71c66cb582c6ab34d91f2f199,34378be084a57001cb46ad409ecba805797b0ee4318ad73b8d322c6fc5015bcb,143,True,Tests_failed,0.0,Tests_failed,0.0,False,False
22,refs/remotes/origin/pull/62,e0575ef213f2503660bbaa5274bcb5e9c7cd2275,975bbf35cb5cb933eb60be8508ba69efdd2b7d6e,a3630230efb687cedfcd063913f645d6cc061046,,False,5290cd89f4aaf67c224a07677e9ea27c4ee05956a1d0f44f95d2db7b2d637655,f714438fd07bfc44c3ad825546d97561c8477a89426bcd3a31607b5d97c4d919,16,True,Tests_failed,0.0,Tests_passed,0.737625754527163,False,False
23,refs/remotes/origin/pull/63,7f6410361b640207341ac3b31112ad48aa23d64e,62100f1df607cdade1df3fd04f9daafe61cf1f47,204caf84298cf53c61e45b4c5ac34ac07e901e31,,False,,,38,False,,,,,,False
