idx,branch_name,merge,left,right,notes,diff_contains_java_file,diff_size,left parent test coverage,left parent test result,left_tree_fingerprint,parents pass,right parent test coverage,right parent test result,right_tree_fingerprint,test merge,sampled for testing
2,refs/heads/master,e7184f0d3e40c18ad3b355f3fa868e9ea325d2b4,adff64a671096dacd9ce23cc3e8f3d0e9b0bd762,6488cdf812ab8edc488f74fd9b2efab15adbae0d,,False,18,0.6546819438956935,Tests_passed,4d07c8c63c646dbaed2bd98e8990a4a3fcfdd30e96b71ed52541c4742734b9af,True,0.6478013029315961,Tests_passed,c8e151fd8815e83bcec99f678f5e46df0df223d9f15a9527c12913962fa03b35,False,False
4,refs/heads/master,c5e398036fafc19102cd49272a8e66fa2fad0695,cfc42933c7f4598479a676743748651a05f51faa,1db45e1bc00d46476583e82b5e6b852ce9805750,,False,6,0.6539542352468888,Tests_passed,b90720d945c77a5b939a292579c99321b51a6871b953962fd2dae472fba9e4c2,True,0.6571657968687274,Tests_passed,e21bccdb1310d536780d48ad52b7c0898021184c3a6f5d678bdb77ad07b31f0f,False,False
5,refs/heads/master,2abe9cc9725a9ec581c0b25f4b6b8465be6ca2bd,bd20a839f948602a01cb0a05c7f27378cd38720e,f66429f2dd399ad0ea0dc65127321e8da4b2b0ce,,False,119,0.6849157733537519,Tests_passed,013bc7dc36297c07aedfb0a9da4d4995f274e522c71fff4420ef5ad15cef957b,True,0.6945063103192279,Tests_passed,93fea829e37aa9e397a61e6b342963c471f765dc6e05976753c275cbd5e0e596,False,False
