idx,branch_name,merge,left,right,notes,diff_contains_java_file,diff_size,left parent test coverage,left parent test result,left_tree_fingerprint,parents pass,right parent test coverage,right parent test result,right_tree_fingerprint,test merge
6,refs/heads/main,11183084c4b8f06e6dd6abb4d430357a548f5eb3,b5cc9cff9228370a801018b0e53e92105e17312c,9271aa760e51bf766c8221cd8fa2b92e5a572507,,False,29,0.8992248062015504,Tests_passed,8b6a9cd3aa5d4ba2966c4d24b9a9ffe0809234345104db4745056373aa96dacc,True,0.8999076070218663,Tests_passed,9ff1cb57b45dcdf87031665a5e6e591672a8deab21460fb9bf039e6d0cb574e5,False
10,refs/heads/main,b1699e83a24b0aedf72e3992818a9b1cd7308cbb,ed33176ad0144c291acf690d5c7ec5abbc098f2e,e2769e03d4400dce26057cd6a8986dcb3dfa8af4,,False,119,0.6786332179930796,Tests_passed,c8d375d788bb25620e3e6d77f7e10bebb05d7569bee53086930d89b9844859cb,True,0.6654008438818565,Tests_passed,5d69a7872d6486ef31ed32f532c4a5197273a5a59b67b864fb48c0930861ecef,False
