idx,branch_name,merge,left,right,notes,diff_contains_java_file,diff_size,left parent test coverage,left parent test result,left_tree_fingerprint,parents pass,right parent test coverage,right parent test result,right_tree_fingerprint,test merge
7,refs/heads/master,c34a78c1eb418037555a56768221829d405a89af,7e42dbafe0856b4e29cf2fba5cfe8e52cd028297,57696f483dca2b54bc4f233a7d6511512b9ac557,,False,3,0.8345323741007195,Tests_passed,c6e9e32e475f1492ad2364fefe7650cf5102ed3c7a9caea3d63a9c572af9ddf0,True,0.8345323741007195,Tests_passed,eda749f50e23c3a65e8352c22c1b12bbf980e910d233be57182e53c8fe1412e3,False
12,refs/heads/master,62ddf4cf8c6f1eb323ad0788bd822e31c7ea741d,738479b221204bd234ce115fea3eeb7271b9977c,7579596c921798553c4f7d1821d6ea9b831c5f9e,,False,278,0.8087105038428694,Tests_passed,f4fd370804ae1c609e84668fea3e0996a339f7caec87ad80b6d268ca8d620658,True,0.8186484174508126,Tests_passed,304318ad8458c5ddbf1bf91c93f4f63dc70e60e1ec677cf5146813464733ca07,False
14,refs/heads/master,772f3c23f1dbfdc356aba84dd8108374f210f04f,7e7b9c257092f8c0ed7ee756c1facff80e8721da,86b64e82d2bc1e2ac009326132cf3ff59c3a3685,,False,5,0.8186484174508126,Tests_passed,1ebaf3d5cff2f9775eaa9e9906749cd9336fd25636b2c4efc383876b9755d7b0,True,0.8186484174508126,Tests_passed,4128035ea72a0f2784d2c1a8205d25587c080eff1976ecd3a461e057391f497a,False
16,refs/remotes/origin/pull/8,f65bd6474f2967456a3252a3f3b26319192b0e4e,759a387c140fc31c9ac3b7da95e44ab5f6a3c8e5,cf706bc2d979fc6e17b33602571dafad9a4b9eca,,False,327,0.8461538461538461,Tests_passed,b41491e73120de2224a304859acaf1148f3ab546f193df784e5f9f79da594f0c,False,0.0,Tests_failed,f47c3b5c8b66f1d98b62b01f4b05d6b4bd1b6b23973b996bcf8e6c017cae21d7,False
