idx,branch_name,merge,left,right,notes,diff_contains_java_file,diff_size,left parent test coverage,left parent test result,left_tree_fingerprint,parents pass,right parent test coverage,right parent test result,right_tree_fingerprint,test merge
4,refs/heads/master,858d2653e380466ce40da5e67df8eba8f0af5d06,e657dfbe3fb44507125c35f5c20ca154bbc4f93d,03bee21085f6d780b1acf9fce0cb622290a4292e,,False,5,0.9864077669902913,Tests_passed,b29473df015b286033cd2153c3c3b63c7964b7729637e6dce5d9870250f11fda,True,0.9873139158576052,Tests_passed,448f60be62d9cf80c83cac6126601b31a5ad07719e8adfe3c109abcd2d8ee8a1,False
5,refs/heads/master,f763fac372992bfc18a2afc3a0bc246cec0d2348,27091b3fe785671ca6e1b1e44a29407847b23b33,e7a09409ed6dcd9ba4bf78006d72ad23d8b2c2e8,,False,7,0.6948674562887761,Tests_passed,217c1823ed123494082c17bb178c11ef10f62901de32a786963868baebe460de,True,0.6933634141755969,Tests_passed,d85947e265746c271bd0107596be067755e0681b1592b27887d7f8779a3c3271,False
