idx,branch_name,merge,left,right,notes,sampled for testing,left_tree_fingerprint,right_tree_fingerprint,diff_size,diff_contains_java_file,left parent test result,left parent test coverage,right parent test result,right parent test coverage,parents pass,test merge
1,refs/heads/master,266bdb63aa926d49e14f9083cf4f78987f47175d,47b822333e89799ab9056f44251277af3cefb699,6a1ab326308109cd3ebec8d2f0eb33a0e89be190,,False,,,4,False,,,,,,False
4,refs/heads/master,147fc13e7c56047ffba691a9f7cb157c3b37e835,fff2a86e05b3bff17289ca2980394033d15f3afd,79b889c0a0e43e47e79f4dcc7468a479d9b5b209,,True,568ee0ffea1a6ae7efab3ca3968e0b991bf811e1ed61d97147c2ee614962544e,652309c7bf4d663792082ff894d0b047a9261769f56ec7478d637a095fd6832a,98,True,Tests_passed,0.33206349206349206,Tests_passed,0.3238213399503722,True,True
5,refs/heads/master,79b889c0a0e43e47e79f4dcc7468a479d9b5b209,d38032b3fb3e77f9028487c94a11d095c66c87d8,9d86d5c4518746427ef0968f93366665c4d22c0e,,True,5f0b7077555103a2098e66a477baa8032be33e1aac7e648570076f2ff9fa27cd,8c7b28be5a4d3a3c62d47a337dee5054860f8539fdf81dbaecefa4052f2fe7ab,76,True,Tests_passed,0.3234016139044072,Tests_passed,0.32954545454545453,True,True
7,refs/heads/master,3dfde13094c8dab90cb56c41bd042a22f1ffca66,c87d4674e9e90d67c750af837f169b5faa3f8da4,35469a5cb952c5708fece42de75e2fda361f38a7,,False,,,3,False,,,,,,False
9,refs/heads/master,284d99abeecf4bedd88851bdcfdbf9604674acb8,0829fba85f8625629a05ac4723a7612be878c1a6,e3beb0ede1d66d540766abfc6853fa46829f490d,,False,,,294,False,,,,,,False
10,refs/heads/master,9e80ac6b3a3b7d6d91e7b6a71e3d3ebb83f272d4,f4064361e4c8b61b0ef9da5694cba41c9832e080,acaea65d31346f2b3b34c28f7ca03dca5745ca8c,,False,,,34,False,,,,,,False
12,refs/heads/master,f4064361e4c8b61b0ef9da5694cba41c9832e080,4bb759b4eec9364c285fa500dd0f2febf8ef7a8a,2aad0341fd0b36b5c076c2293ee67a029fa4a2ec,,False,4a43ae427d2b5025097d84af94c0f97f920ec547bf5f6bc675817b0a065938de,5b04e36fb183fcd8a1981a38c44425769a8ba8dd57c2c8a4d5d91358fe908e0f,251,True,Tests_failed,0.0,Tests_failed,0.0,False,False
13,refs/heads/master,531dfaf440c018da15f2708dc96581e2f743bf12,2aad0341fd0b36b5c076c2293ee67a029fa4a2ec,ce452738a544d1fafc6ab4cbb7c1962a52eed314,,False,5b04e36fb183fcd8a1981a38c44425769a8ba8dd57c2c8a4d5d91358fe908e0f,2a9a4540f9a9965c87dfb06fb8faf5a8c7510b9a73cd40fa09e365bff8cea60d,247,True,Tests_failed,0.0,Tests_passed,0.35591397849462364,False,False
