idx,branch_name,merge,left,right,notes,diff_contains_java_file,diff_size,left parent test coverage,left parent test result,left_tree_fingerprint,parents pass,right parent test coverage,right parent test result,right_tree_fingerprint,test merge
1,refs/heads/master,8c9304445c0dcd03d10f19a5e978fbf8a88b1ff8,4a4b4ce1e586b125a4480cbbf778396a149018ef,8387f488ab49741c1123e876eb74032ec6482fba,,False,156,0.8999438937722087,Tests_passed,5d28016b4729d70b001389249b328040410de29190bfde416f7385aa93383c4e,True,0.9012923768495973,Tests_passed,84487bbf031faf14dc40adbc2c3d7901d585bd384b4d9f1d2c5e0d9dd4a86f55,False
2,refs/heads/master,e87c2cdb47b43b71adb23581678c87caa6631d64,628a9aea2a72a7acba5766c3d06a9dd41a8dfbcb,41157481abc7b7b78d77ca94f4509429d98bb5ac,,False,838,0.9012923768495973,Tests_passed,f9f2c1282f3313f6e2ea3b8c7692f1998730ad36731fd00035d49a1266ae502b,False,0.0,Tests_failed,ba367a2a1d2ffd2e5cc508c6894dba7604a9d33134313b8eb0b7443a0d78da30,False
3,refs/heads/master,d62a2bd2c0a2d935b542c6653a0f2790c24e1a8c,a7f2a8911892f99161fe3429ae48669d9b7b0f39,84a6e7fcaa513f35fbda887cbc0f72fb08823fda,,True,401,0.0,Tests_failed,d65eaf1955dc33ceffc73ec4ab0f360d239cf274b133f38829dd2604554a53aa,False,0.0,Tests_failed,d9e75ded8e1fc190f3df37e941ac77d27a5608f6ede3a297edbb05836e21e1eb,False
4,refs/heads/master,6f8c4c67fa7521b8d0405dd5850f21349e6ff970,c2667cc7f2a58a6b634e010c0277bfd8861b7526,864687963900e065c74fb1b851c31c778511c52a,,False,567,0.0,Tests_failed,e383692575dd5380cc1c64fb5731ebd1cd7722b01cdd96b56aac4e44738f7c90,False,0.0,Tests_failed,711d5579a19b67dda11c84c48f9b3becc288c7a40808eb0678c2871438890fa3,False
