idx,branch_name,merge,left,right,notes,diff_contains_java_file,diff_size,left parent test coverage,left parent test result,left_tree_fingerprint,parents pass,right parent test coverage,right parent test result,right_tree_fingerprint,test merge
3,refs/heads/master,4133898278bd765491a8ba6131a27575a86c6a6a,26de0b025adca33ff79df78dc91b6812eb9dc915,f5e3f141c9ee364a0cf36562661dd8208997af4d,,False,22,0.7626262626262627,Tests_passed,56127b3f7dbe72dda47431a637d6ad3773192148b7d3e51de3ef21de879dac99,True,0.7542087542087542,Tests_passed,f9d250a41fe243debf3afad2f24a9c6ba305d1e07e7c14e0007b714a4b56b4a0,False
4,refs/heads/master,c30aeffb058b16d8eaafcfe1b1f4a94e479c832f,ec6eeda91615e742b441dcbe51fbc1305208005b,decec804ace9464a7f54134787d89121b3af5e39,,False,3,0.7542087542087542,Tests_passed,76fadac8926e7d4167d5a8ef53d11c8d11ede576fe706fd6638aed99b83cab49,True,0.7542087542087542,Tests_passed,97f6cc8c61b2152d5d18ef6591872112ab7fc0ff650e05140e597cfcd7402230,False
5,refs/heads/master,b536174c01bb4f98681e9cc8940e0be97436b00a,7d4d9b6378fe436d8a68540cd75c811bc3220392,5a222d4b2483d5ed946d6cc34db5f8aedf15ebc7,,False,39,0.7453310696095077,Tests_passed,ce7ddf26a009ac69110f813c2ca8911a1c19a9a26c58a7d0525bf66660e47e46,True,0.760268231349539,Tests_passed,ffe71aec2cc0ebd6fa9539eb48341e6480545d1880180937f0276d7aae6068ea,False
