idx,branch_name,merge,left,right,notes,diff_contains_java_file,diff_size,left parent test coverage,left parent test result,left_tree_fingerprint,parents pass,right parent test coverage,right parent test result,right_tree_fingerprint,test merge
7,refs/heads/main,228ab2c461d69592e3a160e9b2a72a4e22960b63,b21f321a2c0893b7c87a44c9ec2fa59834bf091e,08f4fb5ffa9a907e1040851c8add79ed86e56f32,,False,7,0.5937984496124031,Tests_passed,2bad1e09bbba70b89cca4d5d51264d4c79fdd9de84a3c4892e8310b981bdd3e4,True,0.5859924559078398,Tests_passed,6291c706ed0949f6dbed93b406be84aa6cbda6142affcbbd43466ae3f4bd7037,False
9,refs/heads/main,2967c4fea05df0379db731aa6a6bb0e5b5989784,96bae7144483796b46abc92ada32e5c6d40706a0,ca3b43dc7df09e56e68ead3996820a9eb396a41b,,False,5,0.5859924559078398,Tests_passed,62bb619a0d5bef6d42940974c15adc4e1b9f6a44abd3d72e2e77c7674e243da0,True,0.5937984496124031,Tests_passed,fa736b421570b1d665044a8edc830319f848c7eb8c92c198c4503b539fad6e03,False
17,refs/heads/main,8ed8ebfba3cfc272da422cbbf463cec5ff3aa931,ec95717669386d4a791dffccc9f97845e1ef54de,b21109a7f37b9f93bed5582261367b33c6ffb6c6,,True,34,0.0,Tests_failed,061b4ebd430a34663660960d607a46dc8eddfaf2e7e93e259b5d488056904034,False,0.0,Tests_failed,60e81b5e74ef7f6af54aaf2de83b80db838b8c25d8fe3c8d6e6899f62f18cf0a,False
19,refs/heads/main,a9137e4b024b95267496bc21277168c323405074,9420286f4fe0fefd1fcb671a2df5158e267142b5,004822a2060c391b1e1d262e53a34c177d1796df,,False,37,0.0,Tests_failed,fa95c54e46c9621507a0b0dafd11685a6b7f176fbe5d1171bc24c5ad6d6ede92,False,0.0,Tests_failed,fddf273dff076da69caef35343a27db0a00815fae1b607f83b334d47882a6be0,False
30,refs/remotes/origin/pull/9,83e8ee84b16834469ce6de3254d0d85d5f36c67d,296316fc1c3a2e00aa22214b4dd8b925f4cedc91,81afc2b7462eea90cc6e82eddde013909f36c04b,,False,8,0.0,Tests_failed,d1b4a541a44cf39c88987d801838e90d751fca2cb755e89729905e61c42d8c0f,False,0.0,Tests_failed,c7cc30491f4d37a667bf4f1de29f51ad6f3aa4a3f810be2607c1f67316a8993d,False
