idx,branch_name,merge,left,right,notes,diff_contains_java_file,diff_size,left parent test coverage,left parent test result,left_tree_fingerprint,parents pass,right parent test coverage,right parent test result,right_tree_fingerprint,test merge,sampled for testing
1,refs/heads/master,7d5607f985259f2396b76ecd7ba2256dc787547b,f4709145b8176fbafc10dc4683d75966b97f5237,2e50a1b364121c12d7bc3e0493deca75fbec7bab,,False,4,0.9235159817351598,Tests_passed,5eb34223f4bd97e06f2cff1fb601e1dc2f844305b6f778ad7ef52777b94875d0,True,0.9235159817351598,Tests_passed,afd0e2d6d5e3e444460aca5b308f28b67efa93de79d33f1d0c724b1de9c1d203,False,False
2,refs/heads/master,01fa8a79edd437318b4d5fac03cc4e2b4a815723,72313b346f1d9bd2503c79d32867070f6a40f3fa,9770859152b5c2855aed0d26ee3252b153bf4176,,False,14,0.8940628637951106,Tests_passed,37f7179c5ecb6699099f120e1fdc93068408f2e620453c8670610a4e7c789f58,True,0.8940628637951106,Tests_passed,d6181a8ddea2dc14de638260452205dd29a494d6fcc2b26ae1d516e71ae8d353,False,False
3,refs/heads/master,72313b346f1d9bd2503c79d32867070f6a40f3fa,46ac2a960620083367ed3ae0c2ca3697731c34ae,358012cf175b5c94adab18af37d0637ab59b6631,,False,9,0.8940628637951106,Tests_passed,0eb02f6547c096bdb0d2f386747786a071e901263c2b22e37b0345d7c8bc7996,True,0.8940628637951106,Tests_passed,2b12b645dc11eabf6e91e746f88d67861c04b74ddcb88a2b09d3c8ba21acf250,False,False
7,refs/heads/master,29cbdc0b642b6364bed41e57169ccbcac483fed1,ea1f64d969fa9eb59acb627299a9c8fe88a48957,18e348c29e00b77581126e2a24a099714a61f03e,,False,2,0.0,Tests_passed,3f833dddf1c1864c0f330ba52dcb3dad2c75735de3b7315af7485b5630b5ac6a,True,0.0,Tests_passed,3f833dddf1c1864c0f330ba52dcb3dad2c75735de3b7315af7485b5630b5ac6a,False,False
13,refs/heads/master,ef5640285b9cdf3f4785aed8760cd9c2528f8962,3287c149edcf1625687999ba50695963edaf72ca,173dc605a49f38c1f68486210a8a1fdb47b0fac7,,False,312,0.0,Tests_failed,5e20562718f06a248930c52bb34d783f839f9a7fb15718aeb736079e2c126716,False,0.0,Tests_failed,bdc57c2e86f24baaedaddb6dba94e4ed44ffe7f8eab0e19c62eb9b24c3bec0a9,False,False
14,refs/heads/master,3287c149edcf1625687999ba50695963edaf72ca,717e94e7315fe11ebb19952280d01580750be639,461f2be8bad01a37568fbb9397e69867d6492254,,False,18,0.0,Tests_failed,e114a868207cc47c10179ef6999d0a63c4b39c2f0feba9f5e675898ecad8b1b9,False,0.0,Tests_failed,5e20562718f06a248930c52bb34d783f839f9a7fb15718aeb736079e2c126716,False,False
