idx,branch_name,merge,left,right,notes,diff_contains_java_file,diff_size,left parent test coverage,left parent test result,left_tree_fingerprint,parents pass,right parent test coverage,right parent test result,right_tree_fingerprint,test merge
1,refs/heads/master,172398b5ddb8b2fd84f37fd3bd28dee6fac9c28a,b4674a5e79f04fb16128fa60cd46c9943c83119c,181a3fa064616b585312d2c2830913ef15b6876f,,False,96,0.7774617845716317,Tests_passed,a317578a07ada4e808398276e3bbc982335f9dfc95a5487c643d61353563a397,True,0.7774617845716317,Tests_passed,9d0790c621a2cc1e3ad5da284a8161ed812ddd4cc0d06a51c568dc5cd4d021e0,False
2,refs/heads/master,75e523718fad55b47c308a4dfcde7ba447e48bb8,c23676e8f115722928922e68a24f21c56fdd8080,aad69f919d27fd563f53f7f5052a1e2672226358,,True,38,0.7719489981785064,Tests_passed,a71a9c570272f67c7d16aff5f2ade4d65bf9670d12460f2b9dc2dbee634956c6,True,0.7651912978244562,Tests_passed,c3009bf978ff6aa933f6bc36498021853bd779cdd76d2338230278ec6e9e57ed,True
3,refs/heads/master,668bfbfc37953abda3339ee926fc961a0bf0abaf,baa51a1256178966352f489781f511befa12ed52,efa2cb37846a31f973934529623830495399fb0a,,True,746,0.789437585733882,Tests_passed,732686cf9dd21ea0eae225f4ae0c9bd14b847a4acf83ac37661463583a1a0815,True,0.7355623100303952,Tests_passed,43861f9378d422ce55549c3abae2914540a46a974576137c648a2a831e3116b5,True
4,refs/heads/master,c54c76bac35c50d72514642ee6390435c3a93590,7ce2822d12b3e6cf2e23bc42ff6e2ff540544357,94cabd7011843fa8d95c448be63db95183b1bf4b,,False,163,0.7449869224062773,Tests_passed,178ade38a2ad32d0c458f2476afa73460be8fc83af2a76721571a596867aa453,True,0.7354978354978355,Tests_passed,2ee8b274c7b1d22c925932b64d8d4d3b95b6a6c35c042ce8da6920c5c42fbb63,False
5,refs/heads/master,93f8ab48fa4f7d8c952d576dc5f7e3695f9e3da8,ab521b98e223b7f5df4b4eefc04d762a2ca2d6bc,7796325ac0f7bac1ef619e03a39b34aca8302760,,True,682,0.0,Tests_failed,6b2de229ca48cabb322d16133f45c35e5bafb5596216d579a7645a981680f13e,False,0.789437585733882,Tests_passed,2997dfed3015d0bffaec8f73c76323806563d9452fe6e287d77bb463034c8626,False
