idx,branch_name,merge,left,right,notes,diff_contains_java_file,diff_size,left parent test coverage,left parent test result,left_tree_fingerprint,parents pass,right parent test coverage,right parent test result,right_tree_fingerprint,test merge
1,refs/heads/master,18c37cd9fd881d16f1b3d699cbac44a677659d16,627373cfb1025861e2ebb420eae147ee7fae727e,22175aa508a681a9052e82b004ea3d61b5490a2f,,False,75,0.9609120521172638,Tests_passed,30e2dbffc06333ddeeb562fd4d28b2945f36e1c9890405bcde0a688abe08d893,True,0.9609120521172638,Tests_passed,463a32c67ba86615ef5c64ec0b3be3e6668f985fec776a72c0ede56bd01f1c0b,False
3,refs/heads/master,ac202f43ec5027094bc8d765d785d233e3ca2c18,df0ffe1fdb33ceb0b71c5c67644a0dfef3b0430c,5cfb4de55a7400de1b42ee3e74de7c4c44fc67aa,,False,20,0.952,Tests_passed,e1260fe98d5736328dfe1fa8cb85114638fa198a7394e00ac61ffc36dadc7484,True,0.8403508771929824,Tests_passed,bda34549040aae56007ac4cd697827a2e7bb69861aa90109a13f9c5e9ff273c4,False
6,refs/heads/master,bbd02e8c15164ad61886290cbe577c6ead479d4e,1a515d43cd5bc5babc30c3b021dfc525bfdf4b6d,9bf1eb60ba1924819524aaf30a5642d02b660445,,False,5,0.9362549800796812,Tests_passed,a68be4ffa78f1170337645102239c9de02e5225861b55951b4c43b62f651e7f0,True,0.9372549019607843,Tests_passed,fc4b2f6b59e551f36b295a1d39809910b7bc1708e64947ed586c5406db0fd47d,False
9,refs/heads/master,41efa1d053c1bcb04195e8c873917461a06f39ad,aad4c0d71d79da480a81f5e9811a9a5d2bd653ff,bbeddcf0f95a660fd99e2826c4702fa898eb9575,,False,97,0.9365079365079365,Tests_passed,00373dd3db69f656600bbbb249a7e5c21da23475341d6487448f6308ac84c342,True,0.939622641509434,Tests_passed,baa2ec5cbe1da9d16121bb4aabfe8ad82b5335dfc64fc5fc967136974ad2dbb4,False
12,refs/remotes/origin/fasterxml,ee90110799a7b6f905dbda921690e43cdb8b7b08,dd57077b747f5e849172d48e96a48fe6fc538e0a,f84aca0ec9e49f60c64d7fde80f8d8b1acc3847a,,False,80,0.8487972508591065,Tests_passed,cb3f99299108e0a3a01edeef8f27e66587f470dd039275ecfe0f386d2ae464c7,True,0.9349593495934959,Tests_passed,4060031dbf743f20d701089480376adcdfcf4c437d24e0b0f34ad46f165e6e0d,False
