idx,branch_name,merge,left,right,notes,diff_contains_java_file,diff_size,left parent test coverage,left parent test result,left_tree_fingerprint,parents pass,right parent test coverage,right parent test result,right_tree_fingerprint,test merge,sampled for testing
1,refs/heads/master,bd9e15011bee4708ff8b8e5dd9ffd15a7f19a972,2aba77864ba2a2cfecd5486c295a3be3d1a4f29c,1c111411b4c446b418a89c912e6ac95757e89f6b,,False,99,0.8871650211565585,Tests_passed,b46a58c52d9935ab7234909b1966f0ba4b2a2d24c657aa78fad45494168deda0,True,0.8916256157635468,Tests_passed,f762149b30284df12754271d7977ef261a2aa8eae6e7a4a208061d8125b9a8ea,False,False
6,refs/heads/master,2189b036ddb9c2b1e9223c1f363c54a4a63ce168,45e650d2e0731c49932b6216f8ca344096739ca4,e28f6ac979fbffaf1b5da13b21af1fa6c01eb5a8,,False,12,0.8970149253731343,Tests_passed,f1fd5a2c65fa5140d48613feb1392b43f79ddcc86cde1f2deeddb3d2b024cf18,True,0.8903703703703704,Tests_passed,afae589b730f805f1c6044373943769d64eb85da92646192e56225477be6b6af,False,False
15,refs/heads/master,fae3db02d5e683739ac2ef54b64177b2665c2db7,cfe217c31fffd9c5e33d46145d48af216b21d6ad,a0baab7e477ad228fb1ed29204319fcfc38e6d84,,False,19,0.805352798053528,Tests_passed,86b0bf0cbd2af2c72097188e635fb011fbe15a41440e2384d55bc104eee97959,True,0.8090692124105012,Tests_passed,07c6af95794627c9ffbd9c50852fa9d71ab214eba956b3e4f05622fbf1a7d082,False,False
19,refs/heads/master,5115137ecc1ab4c48b9a891aee5b86924e901207,d37b07c1f96636cb7b0378be2b2080f5df071395,0782bed7a0ca397b78fd6fc72ef3013bf6a7d754,,False,2,0.5181818181818182,Tests_passed,8acaba16c75644fd22659a3d5d3f899fb8096fa45e8fa4f201a99d6430b92b93,True,0.5181818181818182,Tests_passed,8acaba16c75644fd22659a3d5d3f899fb8096fa45e8fa4f201a99d6430b92b93,False,False
