idx,branch_name,merge,left,right,notes,sampled for testing,left_tree_fingerprint,right_tree_fingerprint,diff_size,diff_contains_java_file,left parent test result,left parent test coverage,right parent test result,right parent test coverage,parents pass,test merge
6,refs/heads/master,f32a7352154f38c59390d8dc569a23a492244747,c6321e4573bd15b0d3d39c03619cf6ca7d977c75,59416dca9ee6b9b625b1c16c2fed31119feade8e,,True,914b02d70fd09cc01b836d886fd47d02f660431ffce454b40c0a11fc08abcd40,ed2ce680fe64822b0b2f6daa12dfa218b440d6fd442b580134341c89fd486c60,104,True,Tests_passed,0.04822705945696485,Tests_passed,0.047108461717116974,True,True
8,refs/heads/master,c521fcd74ec43af2196b7dac29bffc6f2aba1643,402711b76630c2c012b4fb1f64d2ac51a7df4ba1,923dbc128472ae335d035dd934be0bf4132d204a,,True,a427d656beefa5f9b2410d95fcd99403d1504ca39879adcc512d52bff3bc8f17,7fa68889ee7c8397c49dd468bf7ef35fb853896a5cd817d0a887b875aef29284,88,True,Tests_passed,0.0,Tests_passed,0.0,True,True
9,refs/heads/master,09b36265d8827cc57a8b8ab74022be1f10649351,f782ea69d26e47911f5089338fb87238a6d43a07,8cc6f63a11219f394f167f38ad6b1592c04718dd,,True,1bf66617cc30f3f1642c17ffb59a1a50d2141780cc374bbf6e00ec3655931fdc,d8195cdc53f083cc8bfd60725686262786781e26f75079e9f69637cd597f24e7,20,True,Tests_passed,0.0,Tests_passed,0.0,True,True
