idx,branch_name,merge,left,right,notes,sampled for testing,left_tree_fingerprint,right_tree_fingerprint,diff_size,diff_contains_java_file,left parent test result,left parent test coverage,right parent test result,right parent test coverage,parents pass,test merge
1,refs/heads/master,56eb40e68919920ba7f973b114536e4620788ed5,9bfa023e2de211afa8960e0d54108439a72c3379,95e696bedd0c7d5f5b183791800a3aa271eb232f,,False,,,15,False,,,,,,False
3,refs/heads/master,54c7feb0308eb8cb34e99631bc23926c90c1a47d,cae552c5ed61c75ed7e0a7ce702bf119607f09ad,82c8d7717ca12cb2d2a24ef1858425fbd0b9faa5,,False,,,23,False,,,,,,False
7,refs/heads/master,b5146082d647b881ed2600dbd25314f6bbd7bcb6,a0a3ae18fcdf76a2ae708fc16a350df3938d924a,d29a7f0e51487ab82f7be2a4036efe5ebaaf6aab,,True,33f906196cd2da449d4ffc28dfaeea912ca0c6d2cd5f7c1a8b492c52021545f8,26a0a9412a0c3ed27fdcdb2e98605826b64140086dbb5b10a04f3b2abb3cfee7,24,True,Tests_passed,0.7272727272727273,Tests_passed,0.7085635359116023,True,True
8,refs/heads/master,a0a3ae18fcdf76a2ae708fc16a350df3938d924a,bb6607b30f772003422a4e5f943b23a9b22eddaf,48e3f334923989d50b7e42cb5a1063de2d6995a5,,True,b3bdaf772a1b0f289e7d96e9caa6b834e80b104a1f62d4b4f5e6ea417ad36a58,405aab225478d13adf8b26a5f9fb0b1bf1380f14b71cb3182c86f516ba9b3545,24,True,Tests_passed,0.7089655172413794,Tests_passed,0.7272727272727273,True,True
10,refs/heads/master,5f1ad31005888993ca93522dd2b14f142d2004e3,38590df24c6b4e9bba214261e6d312d6264d1130,ee7b5147aebd6355418268cd81b675566b81bdb9,,False,,,76,False,,,,,,False
11,refs/heads/master,a96e3b4e66c47c409d0f7cde1314272028fdc574,ce08381be20943ddaa55c8789054814bf775aabe,7214573c9f369be3acd6eebf36e298bec846a519,,False,,,3,False,,,,,,False
12,refs/remotes/origin/pull/14,4ecc6000170804f1ce07031d285aad8efaeb4256,dab74114914d8747c1acc2ac757c398e30e70791,4d9325b46bbb4b16f28842be0dfb4295df74c118,,True,4b3325529f7cb75ce37396c6a07b876314291bfa96979a02b4581f08e947e441,7707f55aa892910f7c1d8d68742895cba19f7d77e5c525473d1ce1b8b8d63967,109,True,Tests_passed,0.726890756302521,Tests_passed,0.726890756302521,True,True
