idx,branch_name,merge,left,right,notes,diff_contains_java_file,diff_size,left parent test coverage,left parent test result,left_tree_fingerprint,parents pass,right parent test coverage,right parent test result,right_tree_fingerprint,test merge
2,refs/heads/master,6d9733979e29139e1f97af68be3da3b7cdbb76bf,9a6e03968e3a1b509cce908f46cb5fee30e2e742,1a9f94f6ba4fa282e7c6b3ac6728eacb8d027246,,False,52,0.0,Tests_failed,b6848fb073b375e24eb1ce7983e32e145dca133bf4c56efff5a5265ae9169069,False,0.984225352112676,Tests_passed,e426f29955c80146b2e7283f1d68cb5a329289240cb9c622ad12a93dcaaaabed,False
3,refs/heads/master,1542002de40d834b2b01e6b77eb688e5493b7c4a,7b8ea4bbfcbf50ce358fe4dba3a4e0453b126726,4f990612625bd454c0b64912f3add8128753104b,,False,158,0.0,Tests_failed,eba03494a5a45cf9b338291ded28818811bee570beab3b45c14e526ba490e87f,False,0.0,Tests_failed,a40a15bec5b3faadcfd339b19d429322055cf96eaa8c8746915fdc2c4c7722f6,False
4,refs/remotes/origin/1.0-RELEASE-jdk1.6,896b4a6a0d490aae9515e449244d1012bfb3d87b,f2858da07e04c8bbcad4183c7e003c192ce9f625,29d7e6d843162d4c522e532cfd6b9cc68906d17c,,False,86,0.9784824462061155,Tests_passed,77681d7b3da4e5404bfded7729664f2e6d32174b3a8d49edb5deaa76c5bc8bc0,True,0.9842431063590321,Tests_passed,e4f1320f6625ac0e6284253164dd55970eb397b857b1cc6ad9c616e558d30f95,False
