idx,branch_name,merge,left,right,notes,diff_contains_java_file,diff_size,left parent test coverage,left parent test result,left_tree_fingerprint,parents pass,right parent test coverage,right parent test result,right_tree_fingerprint,test merge
1,refs/heads/master,469d66dc8aa3e716c0cf549733184fefe8bd7f38,ac57f2aa397cac0e5c4bb81d6a4ed9144424514c,dcd36483d8c4785bff3dd1762a50cc848863ebda,,False,21,0.680777673251803,Tests_passed,b43b8643e407f251cf4d08f940284154dcb7147799ed62311522d9e4b0991482,True,0.680777673251803,Tests_passed,fed902994fd9e3ba00fa921aae1ecd0599cc830bf026ad3aa45df592ed48c893,False
5,refs/heads/master,f92ed4002b6db7b38ca484627c76f2280ec9942c,296746ba5c00f3c8758c48f8421ca382420c0f0b,5903d7791cb5382e0fa35eff49c0e80cd2fadf0f,,False,237,0.4411672419203012,Tests_passed,6b9375b909dd0588460084df1386be28826cba969c9a9ad23d5036b0e853c972,True,0.44399121430812677,Tests_passed,2818bc91761818ab2e3ded9c498624b8965b101653f690d2a1c25aee240e16b3,False
12,refs/heads/master,21b0d2281e78935abd1f890af614576737ae3ae1,83a35c57b55d13e789220856c9fdcb87b6bc63c1,0737395d943dc814875e5570c17195d95c3ba5b4,,False,134,0.36360827927092987,Tests_passed,79c736477f28fdd18f0034fe27ca5b870fc6fefdcffbc4740376f9a1b971f74e,True,0.3764933806909913,Tests_passed,6eda48019e00d91c26118bf416fb13502cded414a84863e8063c66cb0dea5fe1,False
19,refs/heads/master,c29df9b301c7df092bd5c17a790b3264a1f58b14,d3804a3f047254988ea1c6aae868b766619488ac,59b7ec5313a52efcf26efa17711db3073a64e668,,True,38,0.33763277693474963,Tests_passed,45f6a4ec8eceb0be5c098560412ca68bc2e333fbbfdacdb83194fc5d107c64a2,True,0.3027932960893855,Tests_passed,1117e7755d4876da08fa93b15e54ccf90204d49fb2d2674f85e38ef8a2192b92,True
31,refs/heads/master,7599e6becd5b64bb5a00786c488b037f257b2f20,fabf6eeec8809cf1b9f7e775c07db71a41578dfe,df0d909e3fe4165912b13a76ad6ee40bca8b2eb0,,False,16,0.31921266581086866,Tests_passed,0d70fe434f25b498fdf5718709d7e7114e72fb25b78c94f2186f16ed2d7cb286,True,0.3229349736379613,Tests_passed,2ae4f768488199e8511c6de69c952047a050633ad5b1bf1397d6f88898ad8ed3,False
34,refs/heads/master,d92e63003bfa00fd8b3f1928d362980f4ba47443,6c8f68c2a1ba5d9bd4af0bded26166dc6815e17a,4d52633cea2b34831fae34ae24eb7ad4f0dd9e8b,,False,464,0.27195121951219514,Tests_passed,e8d0b9212f09b82e140f3b52a94aa44820a38fa1f867196417c80462cb74689f,True,0.3219448094612352,Tests_passed,e29045feb72cbdaad624c1a1238a7f64783c0d28e1ca35727a5510f62f96c364,False
