idx,branch_name,merge,left,right,notes,diff_contains_java_file,diff_size,left parent test coverage,left parent test result,left_tree_fingerprint,parents pass,right parent test coverage,right parent test result,right_tree_fingerprint,test merge,sampled for testing
6,refs/remotes/origin/pull/7,9c0d21bcc4598057557e9bed8014ecada5bed78c,08a08266e6033484b7cb1ff53978be06868a39fa,833aa66c3033e102b11a47419fea2ee449eecc90,,False,3,0.8030127462340672,Tests_passed,0d8ec26148154457a06782c49058f96cf1cd34f0fbf7050b54c31843b941614e,False,0.0,Tests_failed,2b2f73a74d17a799457b9f28a842c083b505326b07793b8f9337ae137a008952,False,False
7,refs/remotes/origin/pull/7,08a08266e6033484b7cb1ff53978be06868a39fa,b2e8dec1076a7f669abaa95741efad6b1e9f54e0,c15851eb4bc081ea8b92a0e3ff13b2725c3b2937,,False,4,0.8030127462340672,Tests_passed,0d8ec26148154457a06782c49058f96cf1cd34f0fbf7050b54c31843b941614e,True,0.8030127462340672,Tests_passed,70509260fa0869d40aea625689b167f3a9a5512b82500d035c2a8a4552f8a6d2,False,False
18,refs/remotes/origin/pull/7,7900bc54ef543e898831147bbbb6aee29f390930,e3b01b395cad110f4cd1885a2b9aa4346ebbffe4,54bebb3301e5fbef83f8c27d54914f0138f8c007,,False,5,0.8030127462340672,Tests_passed,71def0bdd92ebce989ba57afbab05fdfbdd4ae2a597d1f230b37b8a62c05fb58,False,0.0,Tests_failed,942336611327ef16e1b8791b23e305a068b44abb444cb1c968e4100a5dec17a3,False,False
25,refs/remotes/origin/pull/7,0772b93c5efe724585106c13d30d32028d6b6a5b,04cab38cdb276a350314dab4df24eeb52545bad3,5840151e5d13fbbec2a5efea0c64d9cf9285df5f,,False,4,0.8030127462340672,Tests_passed,074f2cf99d04457fbbcfc8549d47db4aff4f8980204c3ccca60a8fff3afbc6c0,True,0.8030127462340672,Tests_passed,1e2a2ac9062529f1840dc951f973a7b6e50eb36d370b46e6eb6f6f235c9a7c64,False,False
