idx,branch_name,merge,left,right,notes,diff_contains_java_file,diff_size,left parent test coverage,left parent test result,left_tree_fingerprint,parents pass,right parent test coverage,right parent test result,right_tree_fingerprint,test merge
1,refs/heads/master,cff6279f718c0dfea1cb1c8011a2049a7347ec03,e62a0c7140bb31cc4fd568a7c9c13317af9524ea,04f0af820c65aaf4d936599e944f0d4ed55a5d05,,False,46,0.6412609736632083,Tests_passed,432d690afcbdcdd6d1224e6377ead3a7c0178fccdf4a76a38234909aac712c8a,True,0.6412609736632083,Tests_passed,d7ac3830e921849e9824eac7fffbcba0908600b5abe4e7e2f12ddfffca8055f9,False
2,refs/heads/master,e62a0c7140bb31cc4fd568a7c9c13317af9524ea,97509add410a24a35535caf5d9118253cd139893,a2acf8d8b01d8de6bc224fa63cbbc4c50564925a,,False,17,0.6412609736632083,Tests_passed,90f66c65b2e4fe85341475a777601ef7ae65af0ab97b9eb0785416ec12094709,True,0.6412609736632083,Tests_passed,6b4eb29dd9f083a602b84c00774507ac79c9c1b07e2a3b052d58985a0d19f0b2,False
3,refs/heads/master,97509add410a24a35535caf5d9118253cd139893,80422cb11e0f59780be44fb6a86e164196ae601c,80c5c8eb20ea80cc3ce85e826ab36942f0dddba9,,False,2,0.6412609736632083,Tests_passed,aaf2f8ac0b474b8cf5db0c6aa664e7178c5ff0bf94277f428a22b2c2f7f2c6be,True,0.6412609736632083,Tests_passed,90f66c65b2e4fe85341475a777601ef7ae65af0ab97b9eb0785416ec12094709,False
7,refs/heads/master,d153d2f4f4fe2ccb5bfc926e5c764c1510b3bff0,209dbd5a8bb53db6587802503ba988e8f6fea0dc,838a1f348fe06d648a428a38d35e98fcfdcfce62,two initial commits,False,2,0.20678513731825526,Tests_passed,29f0d3384bf39faa72d5a13892ce2096ada320129331e8808fabe05083aae531,False,0.0,Tests_failed,4511a44c3232b05b4d8f0f0cf9c6519131db394969de8f4066fa55f7747efa20,False
8,refs/heads/master,2ee594d14225ef888fe217a87e5796617257c3ee,528634926f82e17a20707fc3b34963c953fcd46a,8e69db37fa4dcdb125d035f56eef61fc5af9b170,two initial commits,False,6,0.0,Tests_passed,5c0a07a018a8e980ccda68680faa237f9bfe2b9995b16cdf2b2a07b31108a24b,False,0.0,Tests_failed,e8de9915594b8fd61b92f850332b37a27b71a7c19b4f14bc1e1d3d97d67aeff6,False
