idx,branch_name,merge,left,right,notes,diff_contains_java_file,diff_size,left parent test coverage,left parent test result,left_tree_fingerprint,parents pass,right parent test coverage,right parent test result,right_tree_fingerprint,test merge,sampled for testing
1,refs/heads/master,067cf4b067bb12f7cae4ef2b2c6ffed8f38b7d29,95e3fca8079188c2d7d10b902b68c43b7af8ea2c,ffc759591d71f93dcac670fa9144de28ea366eee,,True,289,0.8673796791443851,Tests_passed,6c3d6f6e1cd51e6aa4473ff16713e68663ac267d63d5851701dea63edf7753ca,True,0.6927260367097213,Tests_passed,7a66d1dabd8760997bd5eb91163e1bc78e23e6b4c7c306c4a68d0bb15f970cf2,True,True
2,refs/heads/master,c4d5abe94c6c22c668d52fd3eccead5c13dd02bf,7d08287cba013e8c5a3edd1618883923210d7932,b7de012d45896922f40e1117e6b63bf3aaf5a467,,False,19,0.893368010403121,Tests_passed,ce8c4efbbe5ce276b1d442a308c725e01e139ddb230d17276166895a0b2c3100,True,0.893368010403121,Tests_passed,1205757e60edfcc911faf6eec948a697cb2090c836bf97332bc778a0791fb88a,False,False
3,refs/remotes/origin/pull/6,c26deebade81adb125a8ce8f36f5cd044a9fb8d2,eeead64030ba0005cceca758d9ecece570dbb7da,94d7791b8f1994b9ec077cd09dc0258170406400,,False,71,0.8720430107526882,Tests_passed,cbaebd249b872a4173718da1adf8f560e4317a7d66c9c6b7b16f03233f3abddf,True,0.8673796791443851,Tests_passed,64551899357e8b7829e0d7861f846fec162b1c9d485ef1bd84ab35e50db52d4b,False,False
