idx,branch_name,merge,left,right,notes,diff_contains_java_file,diff_size,left parent test coverage,left parent test result,left_tree_fingerprint,parents pass,right parent test coverage,right parent test result,right_tree_fingerprint,sampled for testing,test merge
3,refs/heads/master,c3cb2f87397d5cc77463be9db8669cce053787a8,57e0762924ca583395c956e71734893cb9ad4a35,0e960ca467f0f4e4b3808d2ef66fcc2bce7742fc,,True,30,0.026976150294688563,Tests_passed,244ab6df7fa47831cc48152b13993e317de744f89831aadc7a95a1ced77a98e1,True,0.4595372257523079,Tests_passed,92e6fe5d62b6419b81389b7c6e9a7f54636da7e0f05862ef499afbeb542fd2c1,True,True
4,refs/heads/master,8e9b37d562f38766659ddbaaecc761c0743125f9,2876a9375efb672301d13944478c38d7b70a78f0,6fb2cac55aa8e2496f6dd010665f2ee88405df37,,True,22,0.7412094445388143,Tests_passed,14d3e8d410348c28d3b740a17f52b9fbed588d84a80df246e2f0b6d14805d375,True,0.8121161362367393,Tests_passed,147124d125cf03f98a569afa7c867f8718761abd72d6fd2166cb67c59c89f5d8,True,True
5,refs/heads/master,2876a9375efb672301d13944478c38d7b70a78f0,13875fe053a2aab5ddd5a46c2f23cf7b1c669531,295df920144efa67f115ab65dccb653ac025e02e,,True,13,0.7412094445388143,Tests_passed,1f0ba7d24b1abd56cd5efbe182f1fee3019799439d4037fa93fe390665ee6c6b,True,0.8121161362367393,Tests_passed,09884e52ba3b534f07d6dd18d3a2e79e5b34bb346a55e60fdbc4058331ae6a66,True,True
