idx,branch_name,merge,left,right,notes,left_tree_fingerprint,left parent test result,left parent test coverage,right_tree_fingerprint,right parent test result,right parent test coverage,parents pass,diff contains java file,test merge,sampled for testing
2,refs/heads/master,aff939fba879eb883a56f7be6dc58a823d25825e,965196ca476a5a2f82b229a777739cb7c89c0598,8fcc1e443efa835aa87f7612e4ddf1c6a996a2e9,,b18111c98c36d5b81040904acb9d7d1941c7ff2f29a8fddb07744431b711442e,Tests_passed,0.3317333915130359,decfb93bd693f6aa77ce39ae8c73822fe50fbb5ded4273c36b7b088f3b8aee98,Tests_passed,0.3317333915130359,True,True,True,True
3,refs/heads/master,f76f53aeef470409423c6a0145913991c979e319,421897a68618ff081fdf8c7ad887e8662b47727a,7e6fef6e8241141bf95a7a77f95b2bd66bbe5ec4,,f8a1527d9594279d88bff94456a25c105e7c4e03a9453a40a0f2d171047db211,Tests_passed,0.33209566451894723,79de3463161e2e4b2f40d4eef88efbeab9250ede11ca34999935af68638f4f3a,Tests_passed,0.3317333915130359,True,True,True,True
5,refs/heads/master,698b550f0196ccd3c90611c8faceba710f2616ea,9093309ab429ae2a3fbd3d42d3ab80f21837d649,5c52c92785bbf2f0d258c2a60fd0294e9c3b9308,,d35388706ad7c6f8d79c313eef6e1f24cdb6cc0df8c32cafa4f1070c5ba51166,Tests_passed,0.34103199639477244,33f5d8365f6f47b1d071679d238eb5702bcc6ed465f6ab5d3a778e8902f9427d,Tests_passed,0.33734001112966056,True,True,True,True
6,refs/heads/master,5c52c92785bbf2f0d258c2a60fd0294e9c3b9308,89f9160d11e601c053118a10c3f55fed1601b4e3,b3e84f125ee485198aa6e944ce1659bb83441436,,1792a4630e6dcfbf33c1990444024d41f4c4c476b155b5c9d8c78277d9e70ed3,Tests_passed,0.33734001112966056,17f3dd59ee3b3a4c6889c9dbe5b2250a13850e41aeb8bcd938b7708470547295,Tests_passed,0.3417635768318844,True,True,True,True
