idx,branch_name,merge,left,right,notes,left_tree_fingerprint,left parent test result,left parent test coverage,right_tree_fingerprint,right parent test result,right parent test coverage,parents pass,diff contains java file,test merge,sampled for testing
10,refs/heads/master,36ae85e328259b0995d5fb1ed4b930c23a376cb7,636b1f474667e006fe8bb855cb8e3cf2cff944d8,d7c98fb4d10f4a429deeb4e8a0e950ef7f0e9441,,8d4241e8c7a23c470e43d1c0a5cf4fd19110b0992eb6eaa70ef3ae8bd30e2fb4,Tests_timedout,0.0,e7a937421fa774157167f35b747cc650f50de8d0fb8779d7de1bc0740cdbaf6d,Tests_timedout,0.0,False,True,False,False
16,refs/heads/master,bbcbf9e90954136a24cc18a49d9da48641add6a0,7306e106609d4b7008142964956a4b790d8660c7,4c31913192eae6ae6bf8a239e89844a0ab2455e7,,32d13adc3cf5b0a70320c401d761ffe2b3a106ef068de85702c4bc56726a7051,Tests_failed,0.0,5decbd984cc822f1141b3ad615506f07924984c4d9fcfb85204af9e730668968,Tests_passed,0.8673230192217534,False,True,False,False
19,refs/heads/master,204d41abb60f981a3f8521b7b5cb41deb43281bc,747e27fe8d35145c0edced0a6f4eda240a75c774,d0ef4584f651220b0189f83bfdc9caaf6a1c9158,,50679c63faa75c6b2f8df6a11090deef31368696b0b8151d61ec4a20ccf2c833,Tests_passed,0.8748778103616813,72aea9eec98e99634c934023009283ecb6e123b63be8470eee57f59891e92c4f,Tests_passed,0.881139489194499,True,True,True,True
26,refs/heads/master,666fe4706eea6a722707a759cb4398e586d89a16,c341c9abab29ec97fc6a01b65853838342743beb,2ae2ef8843c74251234eed4e271485ebfdd7e17d,,606b034fa0610ce0322e38b74c20a6382c6df229216d095a26690534d7a232aa,Tests_failed,0.0,1b9958bc7a5d20df07f464fce7e51d538a70e4af4c367b67aec2f3409ced2367,Tests_passed,0.8792906178489702,False,True,False,False
28,refs/heads/master,7f28919d2a63436d1f4f762c880c16f1cbb4f6f1,aaaa511ae0cb28450d71f66b50e371983fdcc504,f0bcf1c0afe41ae0c2925dc362c72e0c71d54abf,,90912dee9f9c78c0d221ea00da63b680f9521942f61d59272060a6fcec1fb1ec,Tests_passed,0.883199079401611,120480e0f2af23b1d3275934be29a006ca9575bce5affe29a98a7240b0ede917,Tests_passed,0.8839390386869871,True,True,True,True
29,refs/heads/master,aaaa511ae0cb28450d71f66b50e371983fdcc504,7a07c0026b0b408fc5db55a047f115c09b7ad0db,dcde2af874af3a2388479156f362d87d6ba7441e,,b56b002f7f8a5c1d76bbffc720e2537f0dab40ca77ea7b920545e34f623d9337,Tests_passed,0.883199079401611,04f7628343bcf71a9ea42e2c17ba41d18b06d83528de803acb65938d3fc237d5,Tests_passed,0.892271662763466,True,True,True,True
