idx,branch_name,merge,left,right,notes,diff_contains_java_file,diff_size,left parent test coverage,left parent test result,left_tree_fingerprint,parents pass,right parent test coverage,right parent test result,right_tree_fingerprint,sampled for testing,test merge
8,refs/heads/master,20f93ca7fb655ea72d32f2b3084a1a6ebbadfd05,becab351a487466f78f9c24a4df67d48653c3486,d81f6973cee8c0c102f443271a454423425187f2,,False,23,0.6697165811202856,Tests_passed,1d044f983a26a429b948d28036ac4cbf14f693af4889d1a1b9dc76f115220bfe,True,0.6652626911992906,Tests_passed,a6bd71ffe297013336fd742b5899de52a327e7eb7c2b08c33160f3ca585c5349,False,False
9,refs/heads/master,f19e0196b12ea81d5d32ba0612b23b565de7f06c,de8d854186a5d1c2cebbc331febfad9d489271c2,5cf895b39881e0535bebaef29e88d5fc6f207fca,,False,3,0.4011331444759207,Tests_passed,6784fbd0900a4f7f2dd6a1ef9dde564e572f291251e8bd9ada13f651c3ddfde9,True,0.4011331444759207,Tests_passed,179013c110c569f935d05cbb7b4c33136cc1002da2bcf14fd97063ff6f0237c1,False,False
10,refs/heads/master,ecf47d0203b0bbb4a5525f28efe3a30736869969,94eb8ad6e3ebcc75ebd7725769a43ede39819cd0,ba33af9c63f89c955fbe1d6dec4aff52ce19e7ad,,False,64,0.4011331444759207,Tests_passed,0a2d1e3d96906bab6c5f4ca2511e70cfc3f872ef929322372c2185e00c67e369,True,0.3655673560648407,Tests_passed,bd3935daaa86f66f7f9c52111737f28b1cf83596751caf0612608536c6e90eac,False,False
11,refs/heads/master,d611983874c7e7f979de4aa4703aeb4dba82c5e2,5379421af955b1ecfb6bfa3161ea8201c227f699,5166f31a8be4801011ff926b1d5e992cc8429d51,,False,558,0.3185125303152789,Tests_passed,b1d91ad4f2b40e7bed8ccdeac0726a0604d57ae01a515ea7ec85faad94dc9ee1,True,0.3185125303152789,Tests_passed,56518f289aa409d06c7042a6d9720271866dc8818fe61034b17b6e78b29c5d24,False,False
12,refs/heads/master,05ebaa956a66f8612e2349ee4b74e33b90c6fa10,ebc80b83a5a1eac6492bc246f7b0e8e331380583,a134ca83c647dd73c2a0d4bac8476205c1987c31,,True,3,0.5307377049180327,Tests_passed,7cb652ce57fcb0ba36bb7c405b64f26cf5dccc3bfb0a72082401e9c9eeb1e7fe,True,0.5065217391304347,Tests_passed,f0ad1bc3eed79167e368b64abacca215ad15d39511d594c2f09124c7ee2f75b4,True,True
13,refs/heads/master,fa05c199316a0357d8e203372f7571764b1f3439,8442eb2164e75dea9679237616c941e6345041c0,2d8afdee8bfeaa183e849f5fe3b79de695c0949f,two initial commits,False,19,0.08237986270022883,Tests_passed,74ec1073f9f8e863d3bfc151acf5d372546cb4016502074a78671c01994f3652,False,0.0,Tests_failed,36515760d78ccf94fc33786d706732e1cf4ae0b6b22e88d9429af7e15bf19d6d,False,False
