idx,branch_name,merge,left,right,notes,diff_contains_java_file,diff_size,left parent test coverage,left parent test result,left_tree_fingerprint,parents pass,right parent test coverage,right parent test result,right_tree_fingerprint,sampled for testing,test merge
8,refs/heads/master,fa77e9405b15a207e4518be96117f443cfcfdddd,203e0f4698f94f3d7a8e579fa1b4be3e90d35477,a00f2b9068061190c9ca2d7a4bfccbd44baa82fe,,False,34,,,,,,,,False,False
9,refs/heads/master,a00f2b9068061190c9ca2d7a4bfccbd44baa82fe,dd56499cdca24e45e31917c8dfa9a4228e2dcb1d,fbdb25c97a4e23844002bfc7ea9f590bc656aab5,,True,74,0.0,Tests_timedout,b14b082d7851324c32b113e494070bd3d04297e02db44ed421df90471f5e1147,False,0.0,Tests_timedout,e0fc91c146e8cad644e1325ca2664a4c4200390c5d204de051c7ef35f4e69091,False,False
11,refs/heads/master,eca12033e74d9a85f5bc57cac01a44a5d468e296,5d3ed7858da0eaeac90b14725d50be4d96d9c490,cdd6eff9a91903a3f6e4d69f578cb72c87d4defe,,False,8,,,,,,,,False,False
12,refs/heads/master,6939c3ec6482e58c8c02c8dac2bc41e0c165658d,1451848e69615f644eb52e83846436b8757ada6a,9fd96843493b9d966fc9251d61e770c76f3daf34,,True,84,0.8330324909747292,Tests_passed,b02e3098e1e48940b2d34450e3976dc8347dbc43c9dfe9d6b56807e0b5b0e0b9,True,0.8424140821458508,Tests_passed,6522a0b6fdaf4219bcff9d7d2c5b088dc0caa511a45071f57258c06b2d383359,True,True
13,refs/heads/master,1451848e69615f644eb52e83846436b8757ada6a,8492cebcc77389fd01d0782698821a9335eadb1b,058e6a6d02edf19fddf9918964fd609cf63b93bf,,False,24,,,,,,,,False,False
14,refs/heads/master,8492cebcc77389fd01d0782698821a9335eadb1b,d80ab67de0730989a286bd92e4b88533ee8877b9,ed846b7444e948606f054eb6c15e59a1203a10b5,,True,56,0.8355140186915888,Tests_passed,ff757f8571c79c41e5a616a2fcb0ac18873fc745a09aa619df73a5b9b616aa20,True,0.8330324909747292,Tests_passed,9e180da029704fad041f07af6d98f6a2ab52e00cd426af17c5fb8496908430d6,True,True
15,refs/heads/master,d80ab67de0730989a286bd92e4b88533ee8877b9,fda2f3c6635ef4af5389e1c6a7c9be6bea84d1f0,19afb25c3128b564c2685f5101c8dfcfce6e4252,,True,39,0.8333333333333334,Tests_passed,0bd92554d400bcaad82f2bb8482704a864f9c22e8dbc13c635fcf25912f5741b,True,0.8355140186915888,Tests_passed,ff757f8571c79c41e5a616a2fcb0ac18873fc745a09aa619df73a5b9b616aa20,True,True
16,refs/heads/master,fda2f3c6635ef4af5389e1c6a7c9be6bea84d1f0,2936fa2d65904b4ce63fe4fdcf548a0959037228,ea045316aa7f2293908ca3c7871ec675f5386d7d,,False,3,,,,,,,,False,False
