idx,branch_name,merge,left,right,notes,diff_contains_java_file,diff_size,left parent test coverage,left parent test result,left_tree_fingerprint,parents pass,right parent test coverage,right parent test result,right_tree_fingerprint,test merge,sampled for testing
6,refs/heads/master,99628e2c44b0d5f5c4d7bad5e525a56566d16080,2620ea5c57e3da066aa1af75070a704a80854c2b,2fe814a4e5272af1d0976c2b24cf5b67160f810e,,False,23,0.0,Tests_passed,fafa762c385d191ebc2ccf86b45b1862bbd6644256b853ad21a0859ef06bd6a8,True,0.0,Tests_passed,948c1d31ca76688fc9ef8dbb95e608922e207e7487192d18c168a57937ad9bef,False,False
13,refs/heads/master,a1ca4e4eccf2c55e9518da868609f0e16db8bab2,9eb3716302151c76e1ff1c8f27c00e2f2f992410,fb39e691ea1f79bb9311ba6f1a5c5ae401bc50c9,,False,72,0.0,Tests_passed,f8155dc5ef75704058a3563a29e92b3a27bf999b05fc1449aa51355a5a340916,False,0.0,Tests_failed,388a7dc9ae064c352d3723d67c5d6296547f4185c76693494de0d2540661c121,False,False
14,refs/heads/master,8eedaa1db4a357b4fac24894dff2bd1b82d7260e,56ff5085fd47b867d1363d3170aba473ac76ab02,48726a41859d73ae0a7cac5988e377b865549476,,False,23,0.0,Tests_failed,9a1de74b66c9859b163f3be691c86e2b85ae7ee4b887ff289ee4fb09df77cde2,False,0.0,Tests_failed,5edcff0e1ee230b3bc45bd6192a8bce5bb4e4c5648472481bd92ca3dee7265c5,False,False
16,refs/remotes/origin/pull/4,ea3663670cc799626b128e1619e888f3d19c4fe6,78d1c29de6a0cf8d26bec7a19ca8d32caef9436e,cae9ceee9b02c2f5d24832826d50592208b1c8f3,,True,199,0.6165976425613252,Tests_passed,4fc5e6dfe59bdcadcb72813f9c09f5f5c14fad7ab4d53e6c66966e26b46c8657,True,0.6165976425613252,Tests_passed,ab0bf1fd5947327745ad765559968ac1e5c8d33505e33f964c989079d806b14a,True,True
