idx,branch_name,merge,left,right,notes,diff_contains_java_file,diff_size,left parent test coverage,left parent test result,left_tree_fingerprint,parents pass,right parent test coverage,right parent test result,right_tree_fingerprint,sampled for testing,test merge
1,refs/heads/master,673003a841f1354b7f5a40ab4968013a72227f40,5f2020413d71a5ef3f817d991bd342326630d3d2,a53911ca81a284711841422e2a1fb22dc9aa6b44,,False,47,,,,,,,,False,False
2,refs/heads/master,2adb36e1088558108ec5a4c1d62e56fd477e7c8e,f61939ae78c91321b044dc008abdfdd6b3397154,e7ecf723f7b0c2e3ec7ce258dbecefce5be81d28,,False,63,,,,,,,,False,False
3,refs/heads/master,4a18df7d2ad7996193f7d1a9bbe23b5b08913566,012ecb0ac9a8f0668d67b5c05ba0b5e439bd6c76,74d1b0c1274ca9beb9e8322b87a31e6c27536234,,False,322,,,,,,,,False,False
4,refs/heads/master,2375470e24ef3016df18c9c55c102105f5b25686,49a33c8fe5a0f56ae63461de0ce4c2adeecf5098,4ce5e476443d844db8ad2a265dc73e09022a4d48,,False,3,,,,,,,,False,False
5,refs/heads/master,40276afe138cef7d6b3c956d22a8162b050eed6d,ea781353f8530bfa7b15fb78d810abe37382a13b,1ba1e62e9e8eb86907e9863b4dba0ceb9ce4fc25,,True,1081,0.8248725497235585,Tests_passed,3b28e96c7fd2cbd9ac45b10ad53531b5b3d9f48e0ab0e9422bb29278613ff99b,True,0.8203931767765624,Tests_passed,83bda53e90b35ffa1f5625e8a2cb02633baa465bd175776d721a3c8b72733079,True,True
6,refs/heads/master,4af1d9c4fc71246add443b99af9cc47e5464aa89,e7c37428ea20228556d3ef1e8fec5c553d47547d,269f0a1387d1586db729ca9194436a2e9fda7c8c,,False,8,,,,,,,,False,False
7,refs/heads/master,4b130686bf2aa3d7cd23677d1cffc8f0b92f941d,386a9f7d4c3101a208abe40d1da2b7aa079c2db1,e27f74315fe877064b87750ca46d11294bc94761,,True,719,0.8090609269224093,Tests_passed,1b3b03d96b9a34d6e6c4315b18682a9e4f91842a87e806b1d79ef06438e3ba31,True,0.8103048671777501,Tests_passed,6c9a8753014573e7443a7f129fd9de23f11b263303aa819ee88e4293d1223d19,True,True
8,refs/heads/master,583416b443b6e9679f87705f5b98f0f42e3cd19d,9a6da251a0d88bbd1607fbefb75a2ddc2393d51e,b9db442fb05065af24a43906a02bd4201e9d265a,,False,169,,,,,,,,False,False
