idx,branch_name,merge,left,right,notes,diff_contains_java_file,diff_size,left parent test coverage,left parent test result,left_tree_fingerprint,parents pass,right parent test coverage,right parent test result,right_tree_fingerprint,test merge,sampled for testing
1,refs/heads/master,13af49f83f38fc5328322020d6b9e8a524d04ede,83d02b0f71d4c420a526db43709e89877369b0d2,75e4cebd512d3bf137a3181e0a6a4223b04e722d,,True,124,0.0,Tests_failed,23563e1231713fb21bd9750a984cd1509fc1e9e2d22a699a78b12ddd3d218709,False,0.8214585079631181,Tests_passed,fad5a69ffece26be6b52d74bbae6788a9f3736ca6cc511e1b46209c71408a388,False,False
2,refs/heads/master,676f249a5e1e6ae483ef6ca08755fb2755ace7d1,193721e4e4ec8856972579685a443904e2cceba2,8c1fd097bf651fe0afb5493f8969027ef7c0166a,,True,196,0.9213051823416508,Tests_passed,1736cff2f6867904891372c82e79f8d9d965f7daa446bc52db8f088827deab0c,False,0.0,Tests_failed,8b79e8a0cbd924497e7c41c48f1214134ddb38048b17d1a1752eee4aeed1d163,False,False
3,refs/heads/master,9e28bdfee9b6288b76071322e670e59a1fac0515,fcabbcb72ba680f6ddbdb71086d39c2f2f85a50f,747da55c10432389032d71bdef6aab42dd44be60,,True,195,0.9213051823416508,Tests_passed,4a7e6bdc0710c3b43a915bb17987d088c8b4ce308b381e9fd7471dea5330fff2,False,0.0,Tests_failed,00f63375c0d969c8470ca737d754b1bdfa3e33ded8478468aa0fca646a5c0018,False,False
4,refs/heads/master,1bb25d8d3b4d66c0ce8f9bfaab957b7e803b4cf5,024308532882d3f2f13d0ae4b8211fe66f1dd7c6,05f8aa2e099319a38df6b5f3990e29227143e4d5,,True,38,0.9209726443768996,Tests_passed,4090f2a670b0f770d76c7895ceb8b9a85912afb1ae9ab494bd82ab6473742acc,True,0.9077720207253888,Tests_passed,11ff694a7988179e6996d2c11c74dc0d7a6f682d0bc8973052e07cd17005e2a7,True,True
5,refs/heads/master,3f810d91cff6da7c9eb6f3f4c437c92e6291b783,aedf7aa3ca45d983e4b905f2725e57686910c534,0fe5e15b88b00faac29b4e26490596586a3f4e9d,,True,7,0.9077720207253888,Tests_passed,f63cc33244925ddd9baa6d9065a82f4085b602c5d39decbd9c6dc0c19dd5b0ce,True,0.9077720207253888,Tests_passed,0cd8fbb0349c57aae1d3821e9d8f7718acf1f161f8ba910c80ccc81364f6afed,True,True
6,refs/heads/master,8ad23e49a34489a6816458c76305bacfffaaf4c4,b590274f7e9812d0970ae6423b9ede58c66f95ba,db906994a9fb10169a147b7a7bae3ba0f704e3e6,,True,23,0.9235436893203884,Tests_passed,b304a92796cf69e892f08b5e61d3902fc4ca204cb9cf2de21d3ff62b8b1bdec4,True,0.9177718832891246,Tests_passed,ebe3f18f9b2355128d8b2b86c0b8ed19870598291de1b107da3b8b8fe2eb1c99,True,True
