idx,branch_name,merge,left,right,notes,diff_contains_java_file,diff_size,left parent test coverage,left parent test result,left_tree_fingerprint,parents pass,right parent test coverage,right parent test result,right_tree_fingerprint,sampled for testing,test merge
3,refs/heads/master,767ebce5e516b009457191f3de3b6ad3427febff,f1f4414055b5e362c08d2638c64dc77f8be5c239,386291881db9730d2f985e6d0714112da5599f18,,False,38,0.6305088471260578,Tests_passed,58063eb4a5d51cca9a0bdabffebdc38d56e2f28e17f9b63ada564c5575e4f1fc,True,0.6197692829676543,Tests_passed,053753e0c13535d7387611944ed0dc720f900470a678083356c4757c9f349e7d,False,False
4,refs/heads/master,f1f4414055b5e362c08d2638c64dc77f8be5c239,06ae75de98ff359beec2f2d71b74f441acb7ea06,ae7e415d7637756ea21716937723475eb6768ab3,,False,8,0.6311682602483789,Tests_passed,9d4773b8099884dd132f5aa277622998b68e124e5a05537f635dacf724de3d00,True,0.6305136948630514,Tests_passed,63b61d8c446888c5f6b38528f60d6bef3af5801c96b4e7589fbe1dc4949cee11,False,False
7,refs/heads/master,a996af6cc08700633fe66a1ff138db281b575d08,5e8bf096074cadd7be644ff4dceff8d5f974599e,d8c6fa94b49e18f8900727530cad9273a025f419,,False,16,0.6147921621927738,Tests_passed,9da54d5a5d212dfc6ade2744bea0c4f431dc9f2c91d959ecf97aefa498a4a763,True,0.6154886709502875,Tests_passed,53954e9be1fdc99f25e7dd2ef6f198f20013ca20ee67adb861ccf982b3204845,False,False
10,refs/heads/master,8706045c5b3566759f9d5152105b74bd28e3f71d,7964585f798bed23dda05631d4e9bd0f8fdd0600,6e84f984f39a38c8bbe9235374f77a48539d8466,,False,7,0.6117144177449169,Tests_passed,d16d6ad2c0fb05955b72546f414e0671c0af3a4196998b5d3ba6ac2280e7c0d3,True,0.6100210231254379,Tests_passed,84a81d98c544b6b844b6f499b4843e47ac164392c72d184843fe7111dd4211a4,False,False
16,refs/heads/master,b4dea7f069c04900e3c2a27e6cca41918466610c,d215c1856fe1b0dd7cba46f4cece5e1c20fc1d5e,191d82f0448bf895e370618354d696000e66c4c9,two initial commits,False,2,0.0,Tests_failed,bfb6b5e52780de8c9f264a60382f6a864cc3cf477b52fc175198e8cbe8a6df08,False,0.0,Tests_failed,c73110d6e627c83197bb6854434b1b96b0a0b64b33301af8ea7cafa12bf392cb,False,False
18,refs/remotes/origin/pull/67,8b87e2b2c3427b604f42bb48d3c06843b6ed77d0,8319caab3c74065fcd1e0cf10c206f829aa6b650,a4693da53065f64bf9164e41c4db2f137cb0654a,,False,235,0.5687592684132476,Tests_passed,5bce0b2309a52ff1040ebbd5f73cb49698a2a7428dca680892af250f38919ab1,True,0.5487071844289667,Tests_passed,6331935ca373832cfb20395218a468468698afe942a95180a3cdf24bfbbf5b83,False,False
