idx,branch_name,merge,left,right,notes,diff_contains_java_file,diff_size,left parent test coverage,left parent test result,left_tree_fingerprint,parents pass,right parent test coverage,right parent test result,right_tree_fingerprint,sampled for testing,test merge
1,refs/heads/master,439f7b675cb9741bb358e82f07328f57c0696127,fdf5fca4931b6590d394734f64d2c1d5ca4d31e6,9d826f82b65327d58d4e07b071b84d0c3ceda985,,False,10,,,,,,,,False,False
2,refs/heads/master,fdf5fca4931b6590d394734f64d2c1d5ca4d31e6,8b9a29f8629a4bb4374fb959ba17ffa9c6395c00,ed29b914be7145902df6f812aefc24235508003e,,False,9,,,,,,,,False,False
3,refs/heads/master,8b9a29f8629a4bb4374fb959ba17ffa9c6395c00,dd53e1cfb7eb7d43555f71095ff8e6712d64bed0,d620202b2cacc10bc81c2b747b3f7288ee1f642e,,False,4,,,,,,,,False,False
7,refs/heads/master,34cd63519389f9e2fc0f1a8ec79f770a764e5e69,02579881c322e91d755fb2583d8da6d89c863f70,f8f105277f09d628ecd30871532eb411c2d90103,,False,198,,,,,,,,False,False
8,refs/heads/master,50d924b91752be38b5cf5230de8308dad0935975,ea0baeb001cab55e85001635b60a79700a5d880b,dd969061d33b40307245d764a7566489059f3863,,False,38,,,,,,,,False,False
9,refs/heads/master,f2160b6e74a8c9b6309b556f7b9d7300314dd0de,194ee96ace62cc8cf7ff594473b207149d84b48f,14382dafadc443b36d7a0aba1795f4ea953bd90e,,True,34,0.7626459143968871,Tests_passed,3c47e875a70dc7b2b1433f815ebd24479c0e47e2afc828a4f72d72d3e8edb8f3,True,0.7626459143968871,Tests_passed,cf9d7b1abc6aa2d44b0b68fc51f05967b6bb0197dc4f636df478944695718e0e,True,True
10,refs/heads/master,aeb8b15369449e77614d4aa93205122990ae976c,b57097b53ae2978547d3172198f4870950b390f6,74a29e732bd718139842d06d9a7656ab52b0a775,,False,77,,,,,,,,False,False
