idx,branch_name,merge,left,right,notes,left_tree_fingerprint,left parent test result,left parent test coverage,right_tree_fingerprint,right parent test result,right parent test coverage,parents pass,diff contains java file,test merge,sampled for testing
2,refs/heads/master,4c05f24b011bfa8d8bd18c6cad1d179708564fd3,d498a98bd7b4d4d96c03aaf6680e030a2dd52421,cda7b85e6e79a675b6687c4953e4f5928603e5a3,,bec0187f96d2e95f9668ff62a44341afa224be4baed4e174574ae132c4e41b63,Tests_passed,0.00321285140562249,8581d1091849bb3f11043edd95aa0d68665614a554e8ea613d4fb54dd9f95d66,Tests_passed,0.00338409475465313,True,True,True,True
4,refs/heads/master,f470681d57c8830ab18bf74db45fc67e8baecaf8,d1d1e64965cb8027fb1819b4e8657ba3f37e49c0,d10b58945b2d4ae6a7e82a83269a919bcf207f90,,28b20d05bc3cb4d4de0fb2257adee1e81d3e6ee164542fc82ab54e8767ae96f6,Tests_passed,0.003551609322974473,a1e0dc9acf01b695c5708a7f79fb83f12b10c6140df734c66c9924bc1d1e39e3,Tests_passed,0.0035587188612099642,True,True,True,True
6,refs/heads/master,79830e9fad546396a868d0d83245a8250fd061d9,7d43742d333ff4451659858271801961a5a7810d,eabd51fd928fc2244b51d1184ccc276d7f797960,,42a679638cfe1c5e60116497da37c289bec2369ceaf5d7f91d62f071d6630e98,Tests_passed,0.0,a2b5b4c5941f0d835a7cde4d94ed519ef8854226995a1c3c69412d17edd968f9,Tests_passed,0.0,True,True,True,True
7,refs/heads/master,75a2dd11181de5086ecc7179585ca351ae2b2ab3,2f8016143a2c28d48de09e41922c9dff9cb92a41,3593f7b8b98d00d2a23124ca236e60c58682a45c,two initial commits,03896d3bc990778847206f07e370e4b6f9575a362d47a12ea1594a0fea00531f,Tests_failed,0.0,564ec083ba84feb6045730c8be95be6403bbd61b59f73f0a78f97dfd336acad5,Tests_failed,0.0,False,True,False,False
