idx,branch_name,merge,left,right,notes,sampled for testing,left_tree_fingerprint,right_tree_fingerprint,diff_size,diff_contains_java_file,left parent test result,left parent test coverage,right parent test result,right parent test coverage,parents pass,test merge
2,refs/heads/master,4c05f24b011bfa8d8bd18c6cad1d179708564fd3,d498a98bd7b4d4d96c03aaf6680e030a2dd52421,cda7b85e6e79a675b6687c4953e4f5928603e5a3,,True,bec0187f96d2e95f9668ff62a44341afa224be4baed4e174574ae132c4e41b63,8581d1091849bb3f11043edd95aa0d68665614a554e8ea613d4fb54dd9f95d66,187,True,Tests_passed,0.0032128514056224,Tests_passed,0.0033840947546531,True,True
4,refs/heads/master,f470681d57c8830ab18bf74db45fc67e8baecaf8,d1d1e64965cb8027fb1819b4e8657ba3f37e49c0,d10b58945b2d4ae6a7e82a83269a919bcf207f90,,False,,,595,False,,,,,,False
6,refs/heads/master,79830e9fad546396a868d0d83245a8250fd061d9,7d43742d333ff4451659858271801961a5a7810d,eabd51fd928fc2244b51d1184ccc276d7f797960,,True,42a679638cfe1c5e60116497da37c289bec2369ceaf5d7f91d62f071d6630e98,a2b5b4c5941f0d835a7cde4d94ed519ef8854226995a1c3c69412d17edd968f9,18,True,Tests_passed,0.0,Tests_passed,0.0,True,True
7,refs/heads/master,75a2dd11181de5086ecc7179585ca351ae2b2ab3,2f8016143a2c28d48de09e41922c9dff9cb92a41,3593f7b8b98d00d2a23124ca236e60c58682a45c,two initial commits,False,,,8,False,,,,,,False
