idx,branch_name,merge,left,right,notes,left_tree_fingerprint,left parent test result,left parent test coverage,right_tree_fingerprint,right parent test result,right parent test coverage,parents pass,diff contains java file,test merge,sampled for testing
1,refs/heads/master,3e0d4067f68ebf4163e850c7031571271b4893e0,c0a3be22b99918411b41e1e075253e928079c2ea,cc625538048bd84c0763de49f8cceda5f40b9cc7,,e5b84acceeb2830bb1ab1d622d07db01610bb2f3b652ac09dbfd2f729aefb7a0,Tests_passed,0.27674300254452927,746c55dcd348adf7169a334ad98e005a4205ec95baa1657ddd17fdef75ba84f4,Tests_passed,0.2863583936248296,True,True,True,True
2,refs/heads/master,b718264121f2990b0cd2df982f93714ce9b2fe14,63f8adf177472d58100b2c816febc3ca66906893,d2fafacc6d78d1bd45847871f16dc48c5e7b1dae,,cc9d9d3abeee51cb504f8f5c85461e7e82ef43605f9cb8f31a6baacf006c2243,Tests_passed,0.23076923076923078,1b43989145121fb98c5bea85fb025080ee9c4f0dfc1adcc0f0291212973712a7,Tests_passed,0.2322324414715719,True,True,True,True
3,refs/heads/master,e303235d2e0f90a3ce6a72974a8de27ec144599a,eb730eab8d6b2e0fc7cb8f6dbf42b1793c840114,9b8bccd742bc7457a13460777537688ce981b794,,9a7d0c00c1a200e7e2f3f3431656e1373cfef554ec30fe4b3b612d4d92403b65,Tests_passed,0.08092983211364614,05b4d31b52f256ba11b18662c7da5e199929b6be4f915bb9485ffa6fea24b85c,Tests_passed,0.29566326530612247,True,True,True,True
