idx,branch_name,merge,left,right,notes,diff_contains_java_file,diff_size,left parent test coverage,left parent test result,left_tree_fingerprint,parents pass,right parent test coverage,right parent test result,right_tree_fingerprint,sampled for testing,test merge
2,refs/heads/master,30fe7a70b211148af7011ee903ed5bf0a5c04aad,be13d1ee25b2dd8aa46a47ca9e27f54b46ebd97d,98089dd68e02c743964636260303bbe67895c07c,,True,24,0.9445910290237467,Tests_passed,6e00d650fa1be51f47b3c08dd6ea846bf8216596f7e4381166ec8d7f977eda00,True,0.9447731755424064,Tests_passed,29db88daa7ae484d462b93b940f2156586e5d8bbe589dee61bc254b194ddba4c,True,True
3,refs/heads/master,98089dd68e02c743964636260303bbe67895c07c,a6928de6aa37cff1c03804063c8c31a45b7d768d,05bc1fa15947a884a43f54dd5f9b6cb975256bce,,True,33,0.9445910290237467,Tests_passed,11376e5aa6419e491a2e950cbbbff1db3d23b61abd964ba7fd8eaf253f4e1c3e,True,0.944954128440367,Tests_passed,d96a6d92de59fd8c055f60c4bbf7f6ad36b072c7f6e2c3d5c1e9ab7a6ab588ad,True,True
4,refs/heads/master,f45f451828d8b1702eb9af69f5d118ecf61079bc,e19667cc35b1c19307b9b605c0cec8faef611c7c,8fa267161060a5710d912f4578a222cface7a26e,,False,14,,,,,,,,False,False
5,refs/heads/master,e19667cc35b1c19307b9b605c0cec8faef611c7c,d306df8fcd05d80c1b42b0d688093479cc194b01,a8626d3263395f058401d6c136c2c24d94d8c01a,,False,20,,,,,,,,False,False
6,refs/heads/master,9e3869a0b016bf011f31ea195e628ae7e1223a1e,6479b6edc0b5a9633b4b811a4e44a9bb6dc6190d,8bb0db5f44968c24a61fbf7e2306daf15c2a990d,,True,25,0.9473319473319474,Tests_passed,f2c40be298c72a6ed9ddc06f0497517212f20caf48b62e233318afac29106c07,True,0.9474043715846995,Tests_passed,05e7a888ae08f5534a401210cd64c10e5776de1dabf7519b74d4f4e8a4b7cc4b,True,True
11,refs/heads/master,c557f37dffa5524e3ace2f0038990921bc7ce2ee,66c0576482cf16a5e24ef6c8251d6591d0c83b4e,b357ae2a9621c5d1507768f4a7cc7c42224eaa6e,,False,27,,,,,,,,False,False
13,refs/heads/master,3f35d0c3db4ee3d4611cfc7dddb84fd06cd5a0eb,c40318c765079c59a7d010d4a006cccfd3cc9d60,7d0a69b552c82c796d686ecc87a9464e74d85849,,True,105,0.9469453376205788,Tests_passed,a21ae08ac5bb2e84d3a9c13b48229fdbedbe3f2d47e57a75ad79db186f3d7ad1,True,0.9537491240364401,Tests_passed,595b5e30aa996edfbeba529886b18fe0b18a3ac0cd22123e82d44be9779524ab,True,True
14,refs/heads/master,bf51c31c5ac31fb2badb509ca55cd52f30eb7bef,e260bbbe218357fe47a1564f0c8cfb0752c0d561,f458e0f302d7c14020d6c6cfd9ce349cb53d0d95,,False,45,,,,,,,,False,False
