idx,branch_name,merge,left,right,notes,left_tree_fingerprint,left parent test result,left parent test coverage,right_tree_fingerprint,right parent test result,right parent test coverage,parents pass,diff contains java file,test merge,sampled for testing
1,refs/heads/master,13977470b5506a55458d113c7202b9b032abcbe8,71e749d21cf8aedaa4a0c340fc1411b5767394b2,7e041c032210d7dd47e2cbb26f4ca62ef8f16eba,,ae39f4f00387f6fd9ff2c7c882e022b0dd732becd15aa71c97cb0b87910667a7,Tests_passed,0.5125758889852559,4b83120ffd383766a9f839c51b09ff709a627ca0ebaa6da102426f32a8cc016d,Tests_passed,0.42593905031892276,True,True,True,True
3,refs/heads/master,7258fab116b1a681568234b9d4849bb91fac0913,0e7a81d38934c345d314af6e05082d4f29e65999,153bbde981690e4216a211dfc536d8da84da127f,,67e08a4571de95412f1f3d45a18968b3df792db9bbd07b905c04a2da59d710eb,Tests_passed,0.5710144927536231,b167aa6b5e0fa7e3cea0fa136cfa9b75ac2834cbda55e6a0e5313513050b0675,Tests_passed,0.5329125338142471,True,True,True,True
