idx,branch_name,merge,left,right,notes,left_tree_fingerprint,left parent test result,left parent test coverage,right_tree_fingerprint,right parent test result,right parent test coverage,parents pass,diff contains java file,test merge,sampled for testing
4,refs/heads/master,b63ffc081e010dd1fc36a345ea0727ec9ebcf5c3,d4bc63c5820dba91658621273600c0ff1f5e8170,7fe063dbf9348c208cac8762b4e3843d55944cbc,,58675f2c75b36e9a9108b818cfba034c2efd12772e4f0d97685a03e0a4bc2bd7,Tests_passed,0.8104962221768429,9955e8700dbf2a5accadcfa36159a6615209117f74101b79e734549e23e1a7eb,Tests_passed,0.8192378235174241,True,True,True,True
5,refs/heads/master,d4bc63c5820dba91658621273600c0ff1f5e8170,1ceac7f3f079231d8ac511091102f5ff290e7dc5,78a9936ebcfa1dc570e87bf9a03e0a9427f9095e,,070c007d8e07b0cff5b54a0d99fcf3c71cfa8ca929b452ee3498eda0cdc8c283,Tests_passed,0.8110542476970317,2707ded9656454cc5103f67e16d5fe4dcca184a0d8fedbefb7685d7c8797f88a,Tests_passed,0.8202941803453422,True,True,True,True
8,refs/heads/master,ae631d8a4492c7f28ae31ad85a8a1b33b1832882,e10e166b391528613792eb60a40d198c0bb46b84,d96d24d61050e31b66059c2b38cf43be676d1b60,,4ed77cfe34934a9d818d5e131c8ad37565d635f8ed564098e4cc506960dd2dce,Tests_passed,0.8209019021158367,af33e567b57db4baa626189b91709d8782d04c3702500eaa427b3efd24413c48,Tests_passed,0.8192744755244755,True,True,True,True
9,refs/heads/master,a46ea9ffe51e0f77969a39cecfb2fc9fd479b19b,5ea973b161dd9f9606305784c087afdfc1e71803,54138163cee4508b3f2b28c461e75c6b20c9d7fe,,2f9c9c6d06d8a0c22de8f31b953d81d872c52de2484c19312142667e68393c25,Tests_passed,0.8374884579870729,95b879c19e25cf8b5540b01982587d2f63b8af67ee159e81f51b8e57f8abe004,Tests_passed,0.819762323943662,True,True,True,True
