idx,branch_name,merge,left,right,notes,diff_contains_java_file,diff_size,left parent test coverage,left parent test result,left_tree_fingerprint,parents pass,right parent test coverage,right parent test result,right_tree_fingerprint,test merge,sampled for testing
2,refs/heads/master,3db55bbbf3e153d0b62540aa427ef1c63c0204e3,7739cdb2c68ca0ea3855bc50a7034ab43a6cf341,b400cad7f39a739c828413789a07fd14a92ea99e,,False,16,0.7890336379545012,Tests_passed,3b78c1a9da8c01feb59f4af9f35321164e199d6dff38c3e57b47624b22aee60f,True,0.7890336379545012,Tests_passed,495fd8b65071bf07b5950eba12de8cdd2e3c17f6d3355456e2060191a3f01848,False,False
3,refs/heads/master,0524c7d1b838823aad73e06933800d0e915becfc,43c5a244275e0094ab7165ca1b3654610aade9af,f76f9f7bd278964db30fdda82909542454b796da,,False,134,0.7890336379545012,Tests_passed,21f420cf053de05afd9fc323c283f424de6f72b64f0c8d9db49d8a283ea06311,False,0.0,Tests_failed,b44f7ceb931041edcfdc0a38e0802a278547ad2d42b037e3bf3d611c8dfe7bcc,False,False
4,refs/heads/master,028780359294c1b485824cdb17f3a7d9fcdd5f00,5e03da754187ed6ffd9bb648c5819071ab6e3ab8,436d9257c60f61c8e8f07ae150e0d479ec0df74e,,False,49,0.7797007024330652,Tests_passed,d291768a495833e50f6edf7c56a92f41dd6744a14afe424fe33d77106be5cec7,True,0.7795419847328244,Tests_passed,a6c6205543da3c4d7587f00505ee5b61960685d1536818bb9f9f6ab53ffbe9de,False,False
5,refs/heads/master,c0a5c847729ef03d4fdd98de55b622c07b078b7f,4f1a75fff8003e004ef0681ee94d431f307c4d96,6de6c81ad9503d9bd5c010f6cc4245c2c4d421f3,,True,88,0.781736495663985,Tests_passed,1f2dc7dda71a185d49e682986d23666e83c1af5e8776274ab3abc1b36f44cd22,True,0.7945732052006783,Tests_passed,f8828a124e56e6883a3943b303512298aa08302c4a91d144e34bf4dc055e23a5,True,True
6,refs/heads/master,ad2b76eae416d215223e16f074d788aa3f2e36a3,494a84c4ad2d088b283c8c0939d421552bb756c0,bec87aea2194450b232c2c7eb9b7054892705423,,True,42,0.7692056937955015,Tests_passed,2d59b72356ec903a518c80932640445bdbbd6ef5f0ec4a9d94f7db6082ab3e23,True,0.7929722470904208,Tests_passed,5a49f9c49abcfcd3aa85d84bf7892db47c50cabb38d606c8371d67d8f716b2f9,True,True
7,refs/heads/master,494a84c4ad2d088b283c8c0939d421552bb756c0,5a725e843ddac70207f2d25f787d20ae55d1e74d,8f5e511abc149ab0de736a4a5503bb6ba15b47ed,,True,41,0.7692056937955015,Tests_passed,e6faeeb761dee6c9c6ead749682185f47666cada39c7a70c2ca9c059ff1a18ea,True,0.7918531781557744,Tests_passed,d868893843b750ce3ed96d2e950f4b9b28c7f92fa51c43c1bbd3d8f649f0ef89,True,True
