idx,branch_name,merge,left,right,notes,sampled for testing,left_tree_fingerprint,right_tree_fingerprint,diff_size,diff_contains_java_file,left parent test result,left parent test coverage,right parent test result,right parent test coverage,parents pass,test merge
5,refs/heads/master,16505df19f9d88e2b3c4a270d1b8a23403c29784,67081a9d48b5c5e3dee1985be09d681eb08569e3,c7d0871f02d65aecf11744fd9240060e0f4be244,,False,,,6,False,,,,,,False
6,refs/heads/master,67081a9d48b5c5e3dee1985be09d681eb08569e3,edf75e7af51245c8fb3957be6b4783c77b10acd2,15c0f5994b17e0f27e06194aa5f7d9862dba1a85,,False,,,56,False,,,,,,False
8,refs/heads/master,d7f3615e6b634ef1b6058f05f8fde16093526930,210a8305dee48465143595a7bc41a7a97e905d99,635840961c41ce9f4f2ee0de62b1d9f938740d87,,True,bc4a7d4828c8303b8e203bcd1c4a105e75ee80f8aaa231b812c41c01d44a6b87,983ace449b226882f37407a7aa7a6cb97b8110a0fe89bf7ab02d2487b2e01a2f,5,True,Tests_passed,0.736780805963196,Tests_passed,0.7376380220835334,True,True
11,refs/heads/master,b20eed45e9a12168948f7c951699f7d2533356e9,92303866bd71e360416678e98c895e8f49dfb0d5,535e8c7861e8f22b042f46f624e5551a85bbde9b,,False,,,15,False,,,,,,False
13,refs/remotes/origin/pull/20,436397db7a15689827da6f0e9b59d0a9e21f2e36,392f1527ebbdcf0880e6aef37ad65137f0366fad,1f39494bb827bc1e7c688a5d8d4591dc342f62a2,,False,,,67,False,,,,,,False
