idx,branch_name,merge,left,right,notes,left_tree_fingerprint,left parent test result,left parent test coverage,right_tree_fingerprint,right parent test result,right parent test coverage,parents pass,diff contains java file,test merge,sampled for testing
4,refs/heads/master,a975c5827e9f8c48f525eaa32d61f90a0f90b74a,e8a98d64eada34e252d32eee99c3165109952ba7,d714cce21a057d15421492759ea372bd4fbe744a,,ac3866d84d6c8ca317b7932754ff20877bd33ffaf2b6a257cb57d9b23cf94e2b,Tests_failed,0.0,d266d1a0b2ec1d54cbb1642cded5c8b726e7b53e9b876976bbda63eef397c28d,Tests_failed,0.0,False,True,False,False
5,refs/heads/master,d1d882947103566a3ca681b468f6d3b201179a2c,62d7467241e1894c6590b9d75004ecf270bb2124,6b4c1f323f7abcff485d7ef3d80150e18dbbb564,,e5df93fa5f502b4eecb2537bebf424539a64503125463d1cf3ef9edb9bae2d0b,Tests_failed,0.0,96daf0ab9c15ecb03437c572cbc608ef55788404cc4ed231c3f8207a3b4530e2,Tests_passed,0.0,False,True,False,False
7,refs/heads/master,a6734bab6c9bfc9ec0fa81b4c9fa0cae8ce8e2bd,6d14c72cd58e178081251b5d33546cf1a4c26555,169c25f2a4f8242e39266bb1a9739012d0694621,,8f5ed4b10abf23c1eb7e0d785447402383bc681eabd34555d4b25a6c3e697bd4,Tests_passed,0.5503705187262167,b6c82c3c8a7e882744044004519790bb56e7a8301eac4325c4ff67a7982209f5,Tests_passed,0.5453243298547166,True,True,True,True
