idx,branch_name,merge,left,right,notes,diff_contains_java_file,diff_size,left parent test coverage,left parent test result,left_tree_fingerprint,parents pass,right parent test coverage,right parent test result,right_tree_fingerprint,sampled for testing,test merge
3,refs/heads/master,e2e8b0cf3de272c6025f3382211e4eff7264714d,40495a8385679628eb83d31886a1559ad4881f6d,22b2aca2c4002916ca7f1bd069b630c6fa93cf4b,,False,5,0.8801742919389978,Tests_passed,d86a887f89fdc4599d353ade63f49e313c157061b1821b9f5ed5238ac4b48d6a,True,0.8801742919389978,Tests_passed,b925d11527a57287398db32bfb403930ad14301720e61ba3db16834afba73408,False,False
6,refs/heads/master,f9153e8081d489908feb04b6e851c369734f139c,07ecf2585901fb824d626636991b6c8f95abdc33,f4b18442c27a5ae434c26daa83690ae87895a3f7,,True,9,0.8228571428571428,Tests_passed,e3cb76c6db88b99ef3c61c0f34bd5d458a06f12c59ccce33928b9015417a0b51,True,0.891846921797005,Tests_passed,72308ff536bfbf4452160e483ebdfa17aeb0cda296ac3278185d7f9672ef1a73,True,True
