idx,branch_name,merge,left,right,notes,diff_contains_java_file,diff_size,left parent test coverage,left parent test result,left_tree_fingerprint,parents pass,right parent test coverage,right parent test result,right_tree_fingerprint,test merge,sampled for testing
3,refs/heads/master,bc49b25d3bd5e6d3cc71a2046aa966461b7a255f,6458cb90bfcd6f93a2653d11e97a40ca29b511a4,eaaa2d85fc2706bc6a0283f1f16cd8029cb6cbb0,,False,5,0.8992281303602059,Tests_passed,a2889dc948296c02c4e5e4c8e31215652228ef97953c20cf5fe63e544b69599b,True,0.8992281303602059,Tests_passed,aef9707a785f83579825c444af7e871933887ac67ce9743aadf77501c2de82f6,False,False
7,refs/heads/master,40fb2a925f9891a2473da39ca06109ed25b7b41f,6ec768bdbb3027be2c68546313f15d2553d4d392,e19ff8e42fbd80613d7792743ab9fcd5f6c89e2c,,False,220,0.8701357466063349,Tests_passed,2301193ebbb7915e5584d9bb8177902b6b9af6635eb10ecf14611e9d0d4db922,False,0.0,Tests_failed,df423207c6bb0e524574984a0efe6502ef0ca9fd3c3a138f36bc9f03536e5c2d,False,False
8,refs/remotes/origin/pull/77,b23192102ae3537f699d6a93ca0fab0bb20201f4,9f3902a90c2f49b051280cfbdba990cd48a3b5a0,5e7eb0bdfead44a8edc17ce8d1cbb0c62dc998b6,,False,3,0.8996155489107219,Tests_passed,2fc3880e60bf0327c19aaf3fbc69725d81074e5c964268baf743b37e47cb1a11,True,0.8996155489107219,Tests_passed,c6a0c645d4ea130c67f77290850003d558b4f563c386b3b22b50cd89624de864,False,False
11,refs/remotes/origin/pull/92,7bf75448ed54dcaf63e3fae4b47e63c69e441759,97b47b84dfd0c62f0fe77b0e82c7fa894bf06730,4b3d39f313f613dbb08cbda8888e6cb9e279c124,,False,28,0.8998294970161977,Tests_passed,0279cba0faa6a9c5e7a3b6fe33d781cfbbeab37caf94b5ef1d512e5000effaa8,True,0.8996155489107219,Tests_passed,0d5b0c34b1854245feb521382809e4c1307d9d1879a8e9738e991a89d612985d,False,False
