idx,branch_name,merge,left,right,notes,sampled for testing,left_tree_fingerprint,right_tree_fingerprint,diff_size,diff_contains_java_file,left parent test result,left parent test coverage,right parent test result,right parent test coverage,parents pass,test merge
1,refs/heads/master,cfcab2d9600e1dc5958259d2bc4721ead4e073df,10ac961609151c5223e822b7ed11b085f31d9256,49aa3a42e997e4898aa377f486076e20eb2300d6,,False,,,11,False,,,,,,False
3,refs/heads/master,2c1b14ed8ff28ef4698d89dd15cd661b370f13b0,6cb02c3c4717de064bd18d209948ad9bcc6c9ff9,295b86147b6b76689b2b659206fad1e3c60a5b9c,,False,,,32,False,,,,,,False
6,refs/heads/master,386caa9a2ff697eeda7ed75400c516aabf9af181,6ae3aa3dfd59e7fc5fc622e492ba98269145320b,8b8840510ca8c82a6f93f57c09da63de136d021a,,False,,,33,False,,,,,,False
10,refs/heads/master,8153f9dfa16013d3638eb5f147092dcb6dc69ccf,8f52aec6760a16385f6267c11da0bdfbd979323e,51fb39f1d014640d4465ed509a6d1babc8bc685e,,True,e22cc6d615131e085b3187b5a3d3be24232485220a7e221b470e5adb22d93083,ec5b92766d647b5e09b705ab5d6ff1c07878864c35b5ae4fdb83e291fb7546ac,164,True,Tests_passed,0.3372521127939085,Tests_passed,0.3359212820725732,True,True
11,refs/heads/master,51fb39f1d014640d4465ed509a6d1babc8bc685e,a51ebb02008a1684042563501c30f006a9d172c0,94c3321892540bcdf710084283b1852d9b112943,,True,ef2fd6ef62063ecef86a7cf96e478834b13f4b6aee12fa2cef85bd17ad6857cc,29d6407154246d60b52f08bf294a51b24887af625126c77c7a464123f11b4612,62,True,Tests_passed,0.3372558838257386,Tests_passed,0.3364322341268187,True,True
13,refs/heads/master,7ee33d30eefd0e91746b7da61a152b5de04e97fc,3dbcc649c2d7c8229d508894fc03eb847f7e508d,0d27470949267897cdbd1a47a7ad25c63b319b3c,,True,8f1322dbde516568367e01d9613c2c4eb898c9c5244d9700c7ada772fdaba83d,a43ff060e3fdbb11af76452127a91e1832000e4fada8b00c4512feb4c02d8405,2256,True,Tests_passed,0.336635332799393,Tests_passed,0.2774751438040456,True,True
14,refs/heads/master,2fd73cce2018fda3e02d1a5ebf22df541a2e2a15,9d0d06c3ba4870752e3362d59a80c5138c86c7b3,c536d5bc3f83aaeb91dc546a28dfeced2cafab58,,False,,,15,False,,,,,,False
15,refs/heads/master,c536d5bc3f83aaeb91dc546a28dfeced2cafab58,a12ba8e378fa0521a29e398e112ab7d7b6ba964a,13d3068a3a30571a9f4fa131ec4191e06f8dc6ea,,False,,,3,False,,,,,,False
16,refs/heads/master,a12ba8e378fa0521a29e398e112ab7d7b6ba964a,27374ff2783021ff6b6eaa556c3f7ee055760cf4,d789249b440729c0cbabccf8444dda1db83c0314,,False,,,6,False,,,,,,False
