idx,branch_name,merge,left,right,notes,left_tree_fingerprint,left parent test result,left parent test coverage,right_tree_fingerprint,right parent test result,right parent test coverage,parents pass,diff contains java file,test merge,sampled for testing
1,refs/heads/master,97c146d83b0642b570523036eb6ca473276b0fd7,636b90cd25bd269e78b467651096c58b06ae4c87,1a80ac6248fbbcac417b50e89cc892e4b50c6c08,,d8a25ae8b7f44421446f190d75b4cef2cabd785c5d3b66129051d623a9b16a66,Tests_passed,0.9796009363504626,2b4c2e6cc56f24c7c0c34b6899fcb12873602873ba7e65f7744b5b3b8d4b21d6,Tests_passed,0.9830659536541889,True,True,True,True
4,refs/heads/master,b47f0727bc41f32138132401f9712e93043f2838,0add8e58d0f318ddb14dff7241888119f38ca171,76f9d710f0bb5c400a3bd8b1807872a07db8fe5f,,,,,,,,,False,False,False
7,refs/heads/master,c11ffcb8f6b46a1bcac52443cbe0ed828d09e56c,f0574eb42e92e9834ffbcf34713825f8ef4bec24,5d885b7897451635faa5719af7ed18f2df619a7b,,8b571904d338ff88a76d49451f939cfca14dff7fe1ccc7d72166ccc0a87343cb,Tests_passed,0.9774313126907981,2da65edb4d8bfcbe7464fda5691a31f13dce876d611a06c3de07f4a6077a35ce,Tests_failed,0.0,False,True,False,False
11,refs/heads/master,468d934ce530980df3ce39084e20dc91bc413272,bf941376339802f00dc5bd7a7c92cb282b70ee48,04c40a63e194f53385d6f4e7675102265c3590f0,,87cc530cd137f4661b348cad8331dc15b57d0096b6418b4016a880dbcaaa1a1c,Tests_failed,0.0,f8a870785d67d2c97e553b6ec7cc6f9c6f69b54a85157eab8dd94ff83ad6345d,Tests_failed,0.0,False,True,False,False
