idx,branch_name,merge,left,right,notes,diff_contains_java_file,diff_size,left parent test coverage,left parent test result,left_tree_fingerprint,parents pass,right parent test coverage,right parent test result,right_tree_fingerprint,sampled for testing,test merge
1,refs/heads/master,5cd6d4f8e2723e8262fe894b5e92fa02b8d4ef9a,58c1f4723b394ea9d8ed2d33e715cf3ccf638c63,c15d2174682473d7e2a44c1e3da9adc7ed269059,,False,4,,,,,,,,False,False
3,refs/remotes/origin/pull/20,2ab0f40441166dd2c58424181858b95c0fd89a75,4cc065ce92f42776b942309e7a089dd67362a6f4,fa313890509c9503d6e73eb407d981ad97a82684,,False,158,,,,,,,,False,False
4,refs/remotes/origin/pull/20,5df5e83326e23bfff226518932a5f9ac8a2fb291,0057c54ae993fd8162ea7d411ce90b512afffaa7,e679681d6a0258eee237623abd0ec6ac0bbd7dbe,,False,63,,,,,,,,False,False
5,refs/remotes/origin/pull/20,3488c076e868bb2a68f72a0fd5b0865bba9a11d5,1f6170811ed7dadd4a37c07fe756b23740f3c4d9,e7c3a511b4f9fac2a90d74baf029541928b0d9f1,,False,4,,,,,,,,False,False
6,refs/remotes/origin/pull/58,4ce4c2e0d60361c6072adcd2ee3e4e73962f0305,aa473f3bd385b5a484cbb460417427a6230b897b,e2088de6893f02dbdba8b9f32698ba22b4237465,,True,280,0.879133409350057,Tests_passed,60411abef673d46910bbe34f92babd3dd751ee10bcd0973895065a21d0945243,True,0.6809338521400778,Tests_passed,82ad59038aa7d6ef3cec5c9599d1f77b03967ce78532758b468d378dd73bc402,True,True
7,refs/remotes/origin/pull/58,223bc45e77f5d8d8d8d956bd0b3b763820c714da,26bb7ffc93a9837c13efe6a00e9e6b30957f91d8,5cd6d4f8e2723e8262fe894b5e92fa02b8d4ef9a,,True,297,0.0,Tests_timedout,da1251e3bf2db46fd3cd09dbc7ae9b975809d493f8382e0de07cbe923401c004,False,0.0,Tests_timedout,8c3740aaf1da7043c07e41104db9490ac6a44c4d9818e73963793e0e5b8d1714,False,False
