idx,branch_name,merge,left,right,notes,diff_contains_java_file,diff_size,left parent test coverage,left parent test result,left_tree_fingerprint,parents pass,right parent test coverage,right parent test result,right_tree_fingerprint,sampled for testing,test merge
2,refs/heads/main,5e4c827d6321241d6fb863b229f2bd376c1f6b91,0b150038d74c960a8c4467cae90433a16bc4061e,42ab99aa567262b5722bd7b6c1eed94b97651ed2,,False,69,0.9210174029451138,Tests_passed,d6b2c5cac4a93713d73b3438a51834de7c64ca0ee087ef2fd4c52b0e613518a8,True,0.9188118811881189,Tests_passed,69f6fd14ed4d1c023c4a1fc7cbfe85bea3b02b7ca902d9c18b0690a8963a15fc,False,False
3,refs/remotes/origin/pull/18,8e60f7595cf5b7096c1367e70cbbfd17bf918897,7a9d5e8b899736981ec4712ef094270bd697496b,1d15a62492fa29b53c49b7c68cf336965c40361d,,False,6,0.9625462144349783,Tests_passed,1ec240af27f71340df040e65f962d98b2117db67aba9d286708727cb1303e0d1,True,0.9625462144349783,Tests_passed,7789f887784241bfdf82c1871ff1367ef547c952ee3dfc7fb4f8d4586dbe5788,False,False
