idx,branch_name,merge,left,right,notes,left_tree_fingerprint,left parent test result,left parent test coverage,right_tree_fingerprint,right parent test result,right parent test coverage,parents pass,diff contains java file,test merge,sampled for testing
2,refs/heads/master,653ccb566e06cd1e72361d91f887962fedb5747a,1f9115c6fb14d61fb5a19b94f2fb42ec0025ab5e,6e69421612a2aa2ffb3c90c999a07eb8a915b4a1,,f63f72723fbe0729c8630069a345837e46705fc9b30625f14c40016378fde8f7,Tests_failed,0.0,406132ad6601c322de738163b39ba74c8620848491c9b22591887322200b0a48,Tests_failed,0.0,False,True,False,False
3,refs/heads/master,6e69421612a2aa2ffb3c90c999a07eb8a915b4a1,d8f8db763b531cb2df816c9ef33c79f0cab3157a,db8b85edf77428dd6b31f056cee3fa78c71a6217,,961ed07946e89b810bdd6a96c5ea8799405b0c66bb229cc34403cc3a5d743fab,Tests_failed,0.0,daf58a0967f1d5e02af68f5c6ae9d4cb2bc4aa592f241886ee49c6e2b52c1010,Tests_failed,0.0,False,True,False,False
7,refs/heads/master,a3d110970fe71e18e385702f6fdbd958e9a6176a,39766a3125e0628ab9946210a90fa13fee4988f1,e4efb6d494f6bacecea927daef76b4cbe3fa8432,,d7def127aed66ed7e66b3b718e24959ce80d593f67f0d8201bbcd1160abaef1d,Tests_passed,0.728110599078341,007696eb5b2a756625fa21cb883e16572bb7e3cf17e27d5b63a286252d43651e,Tests_passed,0.735820895522388,True,True,True,True
