idx,branch_name,merge,left,right,notes,diff_contains_java_file,diff_size,left parent test coverage,left parent test result,left_tree_fingerprint,parents pass,right parent test coverage,right parent test result,right_tree_fingerprint,test merge,sampled for testing
1,refs/heads/master,b4765f142a4e3f15641349fbf1ff0681d2d93d12,80e3f70c2652ee74c3f33caf87b93e4253cbe570,e3751d2ea8ca7365c087f44b519f2d234067a4b5,,True,48,0.0,Tests_failed,0c45940a525c077e40b8b38e813c6f567d735880227c4ca31d144e768652b84a,False,0.5013324450366422,Tests_passed,f7d8e093f5d494720a80f58c4daec0a26ae90b501e993fdde24349b2f5e2c6d8,False,False
5,refs/heads/master,e17dd7ebe428cd48be061dcb9c2e44ef601cf364,39caf4211aa11ee032917c4f4e6891f4fa1608a3,2f2ee8d36a58c0fc70c7784543af5c2375fee1bc,,False,143,0.6325330720235178,Tests_passed,0ece3361815f95efc3f43f9b691bff45b924b4db627a674f053eb9de059ac479,True,0.476911710380495,Tests_passed,e6b6d5cccfc730d34089689589a545ea6ea0f7295e95c4fcf32b4839bee35589,False,False
17,refs/heads/master,617a0538221df77789a3437ed4af80eafc84fffa,f148d119e55d09141ec68824fdbef1e25e0a71a8,be85e3b0c89846b990340d36bc57441ddcbd9b6a,,False,8,0.7262313860252004,Tests_passed,643ceca8d478c155d1ff1db3cfbf65077b095c044def12bb833e9b975410612f,False,0.0,Tests_failed,b5b43ede5c005af65e04c7b6af0ea2bc350934fee8176bfd104bc502cec0ff21,False,False
20,refs/heads/master,4c9d60ec3ea0db7acc77b9d574843a6144204d84,5d738654574408cb5a82817550852930268d4df8,195ba0c54a72a1e6de72a69cbe89192243e7ddfc,,False,4,0.6915629322268326,Tests_passed,1236df0405a2b4191c1620eaae1c33de7124ddca346030d61674e25911f1b379,True,0.6915629322268326,Tests_passed,99d6143775f31da474501e4c75bb7c6046fd068174a4fdec51e8842cade9e4f0,False,False
