idx,branch_name,merge,left,right,notes,left_tree_fingerprint,left parent test result,left parent test coverage,right_tree_fingerprint,right parent test result,right parent test coverage,parents pass,diff contains java file,test merge,sampled for testing
1,refs/heads/master,070d9d61e9161516ba3bde7afddb373acde29cb3,e8e93cad04533d66e98ab619d610e2c2ec7e0265,0ffbba79e1c5938d1b4facb1f398fc842008acb8,,27c37f359466e7d06e51f62a8048c676b58da6698b1f821d5ceb09ebc9e90e38,Tests_passed,0.0,f26cfe5e09fe085fcbfdf393bc28c1b48431255c5f54e49758ced6b748eb1913,Tests_passed,0.0,True,True,True,True
2,refs/heads/master,7b83b65cc5dcb8e136e79eac45997c9129e3bfe2,39ab2f9edd03b6b7a9d26f7c9b247ddc59f746ba,0938773f7043b1845341c947a5935054a6e9bd6c,,99a87bf225f605c3f38b4fb11ef3e1d5cbb606e0bec0b2a1153453c291499944,Tests_failed,0.0,8c2249a8fe0fc82d2e28d09ec870d40c1781f1a538627490ea702c8fd5d64031,Tests_failed,0.0,False,True,False,False
3,refs/heads/master,39ab2f9edd03b6b7a9d26f7c9b247ddc59f746ba,e3d9c85c266c0ef1064503ec598eba6dba519b8e,576f45f71ce2c681ef53fefc5869e2eeba842ee1,,4b35e4c8ade3133f9937606f7f5c72c3e1399ceffdb82b85be3a51ae9786932b,Tests_failed,0.0,99a87bf225f605c3f38b4fb11ef3e1d5cbb606e0bec0b2a1153453c291499944,Tests_failed,0.0,False,True,False,False
7,refs/heads/master,40f4c8ffde6f98538b01ce02c9e95bc839098b6b,49a1e8fe8ed75f1b08ca446d3b9cbca9975efa7e,a223493e9ceefa9cff5bfd2cf3e808d44e53f4a0,,451e0cd0d9692abacd3639de8c8d62b448d9529e4cb19203d0d16f1957d24cc9,Tests_failed,0.0,023a1e34e86385d30565201197a6380e82adf6816268cb0e2a40532b25370a50,Tests_failed,0.0,False,True,False,False
9,refs/heads/master,73221c6fded7ba64cb7605aa2ca33aa76d7178cc,1439e37cab83e995892ea67b1868a1f43a181759,a3983c0d1c4ba74e0e6c71722ea1b15b56e4f540,,c07d196da0ece7e0b5e8971772125f6105903d5416b52d60abc2df3584c33aeb,Tests_passed,0.7208981001727116,b4d8d2e2d86980e0089d5025d17403cd2b11db51de186de1ac4a37ca57b2716f,Tests_passed,0.7637514839730907,True,True,True,True
11,refs/heads/master,6bf2c10fa652ef56a11da14bdcf504d9f2738c4f,453ae80e6f73ebe1f8abce350f06fc7685d79ee2,38df978ca81eb275d807033e1dd25d5520ec850e,,,,,,,,,False,False,False
13,refs/heads/master,584b6ad0434d47da30d2ead911028ece122d1d33,e6133e91d00610f4ccc8732671497923ce670482,b800a684917151451efdbaef5c6c3438ea130878,,5db14eb13a1dfc5664520ac49f7103544900c9252fdaad74688e699fc648f598,Tests_passed,0.7631160572337043,f0224431a696c7adf854c3be9d4efa0a45465d74ae1ca9d01e571d6762fef331,Tests_passed,0.7973421926910299,True,True,True,True
