idx,branch_name,merge,left,right,notes,sampled for testing,left_tree_fingerprint,right_tree_fingerprint,diff_size,diff_contains_java_file,left parent test result,left parent test coverage,right parent test result,right parent test coverage,parents pass,test merge
1,refs/heads/master,3937245d61b8c8eca444b7bad9e6f058eb09e618,32b49510a39257a0b14381f102f2c14e928c381d,86c24431eb5bb807a6cc4910b1a7a79ea6eeea9b,,False,,,49,False,,,,,,False
2,refs/heads/master,3dfb659e7c04b714458c85b9a270bf903144d1e6,edd607b64e43d18a25938ed1d79ca4ef8c8aedc0,57e194f8899e3f784006d3f3bd353aac68ce497d,,False,872df5522f8a949366580b51854d5a5c28b5b71615c5f9be79e97b50aa6fea14,3d1e3475223007999b06458f41fa24f651d023814e651b0237184ed03bcf4972,51,True,Tests_failed,0.0,Tests_failed,0.0,False,False
3,refs/heads/master,4a9ffc59caece9f9d2cb798c0e0004b0a5b74c1f,b1079700148d2ac0d0097e3bf299c8b4465b09e9,c4fe48d4fa1ce7672bde303c0acfd96f148f1322,,False,83fbbb5986e326378fe6c09e7b25cb7503fa30050dae930b3e2d0caf183799f8,6ff06236cf123ecc85e30e0b4c03e71211d3abcc13b95c63a4bbd229ddba9905,111,True,Tests_failed,0.0,Tests_passed,0.0,False,False
4,refs/heads/master,4756442120422d9014eef26cc305b06e0df9a5ae,f4c22cf68d15d3a3c7ba2c7ddfbabc2556bb046a,ae63f2913c166cff946785eb967d58e1a927f164,,False,,,4,False,,,,,,False
5,refs/heads/master,f4c22cf68d15d3a3c7ba2c7ddfbabc2556bb046a,f830bbb461600ef4e9fa9ee722e282e02661ed8c,5734073423951325afb3b2ba69ab12df7968f582,,True,da9b566c785153a579cde282ef6609eba91c2528d9ea819295fecf9ca8d6c360,fc86689f451ed57ed62ee45baf4830a9be6a187f1d7816304f58cb657ca0562f,193,True,Tests_passed,0.0950182260024301,Tests_passed,0.0894327538883806,True,True
