idx,branch_name,merge,left,right,notes,diff_contains_java_file,diff_size,left parent test coverage,left parent test result,left_tree_fingerprint,parents pass,right parent test coverage,right parent test result,right_tree_fingerprint,test merge,sampled for testing
5,refs/heads/master,9be9807f1cf79c5a11d69fde25afc99f3fb2f40c,c4fa05990bece3e3ead865e456dd2cfd3fb345d3,fa139e6f61d0cf631855edc581afb7afd724aa8a,,False,39,0.8838113757899854,Tests_passed,871b1e77e5a4f82e1512f575042d7d5ddd28ff65efdb7c092e6e4a3aa6515604,True,0.8799031476997579,Tests_passed,981bdbd883d0d232276f0b421b5a5776f0f6bd73038539a46610bec2d88d1e79,False,False
7,refs/heads/master,5bb33c89041258a0f9fa7bc50a06026e7ecd0845,c2c745ef1585634d30110046e472b4b9d07dfc5d,ba45d3bf2608da528a3a24a0180c373e73e84a6f,,True,123,0.8669331810394061,Tests_passed,22736595da2c6b768170c6894ded10f25e57d107eb0df79a086a2bf230065e5c,True,0.8785569105691057,Tests_passed,8abb8640a1eb064bcf3051b9dc36003933c3944c596296e4efca084943187aaa,True,True
8,refs/heads/master,218c417aaaa48a7efc6e836d99eed00a215f2227,62468df247f55fc00b941d0e7eefabbf7c8b1871,0a75b2df440e7f419fb13f0ffecca25bd4a7e64a,,True,277,0.8674765323025952,Tests_passed,b32fd0958c8d26a6d9577139b002363018e3da236179e1f916352e2953f053fa,True,0.8654734411085451,Tests_passed,124ca9b4cc80d405be98c5c456a6e407a57cf515108a28377ef2daf695ff66bc,True,True
10,refs/remotes/origin/pull/19,023d3cb7d62fdcd7ad07e8bc35eb912a4c8cd9c7,563fe1df4fd64017d53bd0a935fb6c2786bfc7f2,684117fa023291c0f140780c2b34a877414bcbe9,,True,469,0.0,Tests_failed,b3934dfa39e57b3f37803da775c755f05a0cbbe5313ea9d7acd3c9d8a5a74348,False,0.8813964610234337,Tests_passed,00753311b96fef6ba78006b1ea8c5cb6b0aedb48a54bcf7fb2eb9b00dc755ebe,False,False
