idx,branch_name,merge,left,right,notes,diff_contains_java_file,diff_size,left parent test coverage,left parent test result,left_tree_fingerprint,parents pass,right parent test coverage,right parent test result,right_tree_fingerprint,sampled for testing,test merge
1,refs/remotes/origin/pull/4,5f6291f008b89955213fbb3bdf436af1ad3dd8ca,dab483013d7bee058a2a76cb53c53511bf558b8e,32e1f937fe2193842ba539b89cbcd7fcd631e681,,True,861,0.007227545882735098,Tests_passed,794e0cbf39e2c9ce2956d5f54c04212b3e3449cca0319579a8595dc9a3429673,True,0.07850104991116136,Tests_passed,58b99d8c1fdbb48add33d2abd9e9aa7ac012e085c111f837084964798371e7cb,True,True
2,refs/remotes/origin/pull/4,7b451ebdd621152f1a9d5376e43ab4bf1ea5a88a,1a28db9ebc5d4b38962177902d541516d973f959,2dbe3b06aeccebbc6b923e9f27c61f582b3875b7,,True,456,0.07850104991116136,Tests_passed,eb12ffa0e150ef2a624023262442e6a3af05889b67d9e5e0be0f7299223734c3,True,0.007258788027077726,Tests_passed,66d844350b6787750c905f340044c7cf6ca42149305d8d4433385c5b7db6edbd,True,True
