idx,branch_name,merge,left,right,notes,diff_contains_java_file,diff_size,left parent test coverage,left parent test result,left_tree_fingerprint,parents pass,right parent test coverage,right parent test result,right_tree_fingerprint,sampled for testing,test merge
2,refs/heads/master,6a9c6aac6dd33b7e84c1028e44b3a9bb0faa0262,3a66d96b54c2df93ff3b6efb0dfd93cedad1921c,85dbac072ec500ae24ba80364b06e64e2811c589,,False,145,,,,,,,,False,False
4,refs/heads/master,1f4f84afd2f1f51499f2b28bd75c2f61aaf8cc6c,cf1fadb39e981ce2caaceac2985ee071a70ad38a,6cdd299a83236b50426c54a1277c2934309575d5,,True,34,0.0,Tests_failed,77e83d69380483457263e7391b8b4952ac71484931f9b61bba6d321bbc56c88f,False,0.2667702786094668,Tests_passed,c4b8aff9b4ff96c20dbf79239036513bcb4a4732cc1ebc2508d1eed29ecdc2a7,False,False
5,refs/heads/master,45bc7252ef54057848e264e7a759e9498835efc7,8a4399443429b34801ef2754d8477b1f53bea8e9,bbe6e29c32d5a019523875f8d21f60cf62072f1c,,True,19,0.0,Tests_failed,731e78f35af577e7ebea8e17cc22f61b69b2c082b065df5f29bca55da43f7732,False,0.0456653497901995,Tests_passed,f4a2bf8681f8e1fab08caef301cf99435755c8116b224f00f82e471b95fab579,False,False
6,refs/heads/master,8a4399443429b34801ef2754d8477b1f53bea8e9,973d07c2602f3fc9a6163f8b630125a1cde022c7,e7e6c686f527172b9e11433dba2c90ba584ea51a,,True,13,0.0,Tests_failed,648a58e1d76c19171f2e6daf02fb8b30480e27d779cde864bc040ede37a2d152,False,0.0,Tests_failed,7a035fc6d859ca3c7aacc84be1adc343bb8a6a84736ef15e6350555a8374f27d,False,False
7,refs/heads/master,973d07c2602f3fc9a6163f8b630125a1cde022c7,db2a19eef74d6b55d01a4930dcf52a7c94eea1b4,74ee3d4e2f9e3b73586eb665b001d7a0621ca017,,True,82,0.0,Tests_failed,2727cba047f78eeb023a21fd2e70162a3411e9b01c055c3e9cd96876f9bdd6e1,False,0.0,Tests_failed,94bd48f5970d03b273cc77252f7a08f048acf58a493d83756b6b32d7433d121b,False,False
8,refs/heads/master,2139150fe6a22145b510a959190c769e48b36ada,df660997a4b7c4f58b685ad09996da9897b4700e,7d1ed23af8576772ae46158583a8a3ff0774e322,,False,155,,,,,,,,False,False
9,refs/heads/master,e2841b05bab86e238732649229f3d0a2834badf7,5a94ad6e32c8175745c301c900a3184e83a6923c,ff2ab22bcb56d13c130004d312f0b56efd1f8ed2,,False,49,,,,,,,,False,False
10,refs/heads/master,a1bf3ccbb5072865ffa16dcb799b93662b622ed5,9483c0ad208352d6c021ac023e554e776b2a3035,c5686d2581e7fe7fbbdfbc6859f6bc0c79a044cd,,False,2,,,,,,,,False,False
11,refs/heads/master,a60a5fb49f7979d48f94f59ba66d94eaaa89ca63,df161a064379ea24b166757a4ec347f1bb413501,ea3135feac422e4547826cf359f4daf1a45abcce,,False,9,,,,,,,,False,False
