idx,branch_name,merge,left,right,notes,test merge,diff contains java file,left_tree_fingerprint,left parent test result,left parent test coverage,right_tree_fingerprint,right parent test result,right parent test coverage,parents pass,sampled for testing
1,refs/heads/master,954caf117074b409561da3788759b86d0b0e8bdb,c65ca9b5d20303fc3852bcd5ccaf9ddadcfa1e98,efabdcff2a8b818b8c696104466d2c987c60787d,,False,False,,,,,,,,False
3,refs/heads/master,ac626522ec8eb18b9e80f66de1a136c653ffcb2e,2199bc936fdbe5e6322e540309160745b04f5fe8,3cc2e2708f4c45e433fe27582b5c9da06d8f8624,,True,True,3c00f3eda534df4ec6df908f0dac122e789118c7621003aaee5291cb5eb92482,Tests_passed,0.7714453584018801,2a351384a5ac418961c57e12edb88e3372746c3432d4eb59565273e7cdda6e9b,Tests_passed,0.7673568818514007,True,True
4,refs/heads/master,3918d1a4fa416c373b5cf8aabf790cdf2b783543,f8b280254cc51eade2482fb036f6dde3d99c8cf9,9fb90c9d58019eee729759876ce86e1b71129b92,,False,False,,,,,,,,False
5,refs/heads/master,5bd7bc4e998d3163fc64d53ab4e6ca6b2d2ddec9,bf1f809636df850d120f581ec1bbaca6849c5206,40ced9d3169c5ca97ca3a51fc3c29c4b58359b71,,True,True,f678571423f945618c4cb90be0c21d34704e97dfe4fc5c72c2d63c827073ae8b,Tests_passed,0.7706422018348624,72561aea0d784206d72e8be1f64b0433d5782fa585d5b4f49dc958440af40360,Tests_passed,0.7706422018348624,True,True
