idx,branch_name,merge,left,right,notes,diff_contains_java_file,diff_size,left parent test coverage,left parent test result,left_tree_fingerprint,parents pass,right parent test coverage,right parent test result,right_tree_fingerprint,sampled for testing,test merge
1,refs/heads/master,702acc08242314fefe7f921757ea498ff78559cd,0f452cff376139826e6e2e93248c352cdf39db7e,a37eae4f4439c47071ebeccd172ef9883569cf60,,False,4,,,,,,,,False,False
3,refs/heads/master,dbea51df97ede874110711a1d27608220604b48c,4af2032fe44fe296ac813c143a4c418059f7f57c,43a8b748cf72094ead4ffc7035120c5c33d74d8a,,True,6496,0.7155027839270142,Tests_passed,d5bfb84aab488fc027f2d7388830edc8b3e17e929fc0b51afdf90d055928c5ce,True,0.752140350877193,Tests_passed,0fd2ad5abf0c3df4125a6468f9c7081c5cd12c59effcf8c7161b20012e806626,True,True
5,refs/heads/master,3e825f410aaf0824ad5c22717b9f4dc1529fc396,2ed6748688a3f3433d5afa02fd8eeb6a5ba17ae2,9625039638d5e1382820f1d70f2dbb9a2cd2f4ea,,True,1529,0.0,Tests_failed,5027b0e705ec2c088ad17591953190e4a77e67deb06e7ab89f4166cc8001cbd6,False,0.7187523773297831,Tests_passed,bb9cca4842dfe828e0334c7e8d825d2e32322e2690504b6aa4e590f96636c523,False,False
6,refs/heads/master,bdee7ef4faeae5943a8d25ed9eb48be4d97f7cae,31a551c0db99c6797ccbc368f8a81ae7b63d61c9,bf71a245940d69cf408659e03d9ec701ac0d686e,,False,3185,,,,,,,,False,False
